Actual Price,Predicted Price,Signal,Ticker
102.6100006,102.75114,Hold,CBA.AX
103.3399963,102.69338,Hold,CBA.AX
103.3300018,102.653145,Hold,CBA.AX
104.6600037,102.62514,Hold,CBA.AX
104.1900024,102.79304,Hold,CBA.AX
105.1200027,102.98793,Sell,CBA.AX
104.7099991,103.30463,Hold,CBA.AX
106.3399963,103.58996,Sell,CBA.AX
106.2699966,104.04271,Sell,CBA.AX
106.4400024,104.51245,Hold,CBA.AX
106.9400024,104.947624,Hold,CBA.AX
107.4100037,105.36378,Hold,CBA.AX
108.1500015,105.76608,Sell,CBA.AX
109.5199966,106.19721,Sell,CBA.AX
110.0699997,106.76513,Sell,CBA.AX
110,107.396454,Sell,CBA.AX
110.5999985,107.95409,Sell,CBA.AX
110.9700012,108.462425,Sell,CBA.AX
110.5599976,108.9056,Hold,CBA.AX
110.5,109.175224,Hold,CBA.AX
111.1900024,109.28735,Hold,CBA.AX
112.2900009,109.37969,Sell,CBA.AX
111.8000031,109.59327,Hold,CBA.AX
113.6100006,109.769264,Sell,CBA.AX
112.1299973,110.15653,Hold,CBA.AX
111.4899979,110.3886,Hold,CBA.AX
112.9899979,110.41243,Sell,CBA.AX
111.9800034,110.523476,Hold,CBA.AX
113.0199966,110.51593,Sell,CBA.AX
112.0400009,110.5958,Hold,CBA.AX
113.5999985,110.57128,Sell,CBA.AX
113.6299973,110.71976,Sell,CBA.AX
113.7300034,110.945465,Sell,CBA.AX
113,111.20145,Hold,CBA.AX
112.3300018,111.33392,Hold,CBA.AX
112.4800034,111.28297,Hold,CBA.AX
113.2799988,111.15589,Hold,CBA.AX
114.8000031,111.11536,Sell,CBA.AX
115.6600037,111.34576,Sell,CBA.AX
114.6999969,111.8198,Sell,CBA.AX
114.8600006,112.2269,Sell,CBA.AX
115.9199982,112.56125,Sell,CBA.AX
116.0500031,112.94814,Sell,CBA.AX
117.5299988,113.3136,Sell,CBA.AX
114.0999985,113.8189,Hold,CBA.AX
115.8099976,113.816444,Hold,CBA.AX
115.4800034,113.77921,Hold,CBA.AX
114.3700027,113.65734,Hold,CBA.AX
114.5500031,113.34441,Hold,CBA.AX
115.8700027,112.99893,Sell,CBA.AX
116.2399979,112.87491,Sell,CBA.AX
115.7300034,112.94952,Sell,CBA.AX
116,113.06189,Sell,CBA.AX
114.0699997,113.22731,Hold,CBA.AX
114.1600037,113.12268,Hold,CBA.AX
116.2799988,112.9032,Sell,CBA.AX
117.1299973,112.95234,Sell,CBA.AX
116.9499969,113.26453,Sell,CBA.AX
114.6200027,113.65927,Hold,CBA.AX
114.4499969,113.709595,Hold,CBA.AX
114.8300018,113.53876,Hold,CBA.AX
115.9199982,113.31387,Sell,CBA.AX
117.1200027,113.24318,Sell,CBA.AX
115.9599991,113.44099,Sell,CBA.AX
116.4100037,113.5953,Sell,CBA.AX
117.3600006,113.77508,Sell,CBA.AX
118.1200027,114.07435,Sell,CBA.AX
116.9400024,114.500145,Sell,CBA.AX
118.3099976,114.756,Sell,CBA.AX
119.25,115.0751,Sell,CBA.AX
121.4499969,115.501884,Sell,CBA.AX
118.1299973,116.23665,Hold,CBA.AX
117.7399979,116.527855,Hold,CBA.AX
117.5500031,116.47247,Hold,CBA.AX
116.2200012,116.18307,Hold,CBA.AX
115.5400009,115.600845,Hold,CBA.AX
116.4599991,114.84584,Hold,CBA.AX
115.7799988,114.24361,Hold,CBA.AX
115.6500015,113.72638,Hold,CBA.AX
118,113.33749,Sell,CBA.AX
117.4800034,113.43493,Sell,CBA.AX
118.7900009,113.728874,Sell,CBA.AX
118.5999985,114.301956,Sell,CBA.AX
120,114.92282,Sell,CBA.AX
120.3399963,115.68507,Sell,CBA.AX
120.0699997,116.448906,Sell,CBA.AX
117.8099976,117.044945,Hold,CBA.AX
118.3499985,117.106,Hold,CBA.AX
118.0400009,116.924835,Hold,CBA.AX
118.1900024,116.564316,Hold,CBA.AX
119.1500015,116.16995,Sell,CBA.AX
118.2099991,115.95084,Hold,CBA.AX
116.8099976,115.72538,Hold,CBA.AX
116.2399979,115.33936,Hold,CBA.AX
114.6399994,114.85061,Hold,CBA.AX
112.1999969,114.15621,Hold,CBA.AX
111.9400024,113.120575,Hold,CBA.AX
112.7300034,112.033714,Hold,CBA.AX
111.8600006,111.20623,Hold,CBA.AX
112.8799973,110.54756,Sell,CBA.AX
114.5800018,110.257835,Sell,CBA.AX
115,110.483505,Sell,CBA.AX
112.9899979,111.0504,Hold,CBA.AX
113.8399963,111.45923,Sell,CBA.AX
114.5400009,111.850365,Sell,CBA.AX
113.9199982,112.26182,Hold,CBA.AX
115,112.52376,Sell,CBA.AX
115.2300034,112.80807,Sell,CBA.AX
116.5899963,113.07699,Sell,CBA.AX
119,113.47983,Sell,CBA.AX
119.7399979,114.22958,Sell,CBA.AX
117.0899963,115.15088,Hold,CBA.AX
117.5400009,115.62444,Hold,CBA.AX
119.1200027,115.82718,Sell,CBA.AX
119.3300018,116.04391,Sell,CBA.AX
119.9300003,116.23734,Sell,CBA.AX
122.2600021,116.46168,Sell,CBA.AX
121.0400009,116.99746,Sell,CBA.AX
121.7699966,117.42705,Sell,CBA.AX
121.7900009,117.8374,Sell,CBA.AX
121.5,118.15851,Sell,CBA.AX
120.7300034,118.32494,Hold,CBA.AX
118.8700027,118.255104,Hold,CBA.AX
120.0999985,117.78483,Hold,CBA.AX
120.3099976,117.34628,Sell,CBA.AX
118.3399963,117.01653,Hold,CBA.AX
117.9899979,116.52245,Hold,CBA.AX
119.5400009,115.98512,Sell,CBA.AX
121.2900009,115.743996,Sell,CBA.AX
122.4599991,115.97261,Sell,CBA.AX
123.4700012,116.6199,Sell,CBA.AX
124.8499985,117.56951,Sell,CBA.AX
125.5500031,118.75411,Sell,CBA.AX
124.9300003,119.98272,Sell,CBA.AX
124.0999985,120.93145,Sell,CBA.AX
125.4800034,121.42448,Sell,CBA.AX
125.3099976,121.7616,Sell,CBA.AX
125.4899979,121.8902,Sell,CBA.AX
127.9800034,121.88488,Sell,CBA.AX
126.9400024,122.15838,Sell,CBA.AX
127.75,122.35875,Sell,CBA.AX
127.6800003,122.60832,Sell,CBA.AX
126.8000031,122.818756,Sell,CBA.AX
128.6300049,122.83329,Sell,CBA.AX
126.9000015,123.0105,Sell,CBA.AX
126.1999969,122.97125,Sell,CBA.AX
127.3799973,122.723595,Sell,CBA.AX
126.1999969,122.577896,Sell,CBA.AX
125.6600037,122.33005,Sell,CBA.AX
125.3799973,122.00071,Sell,CBA.AX
127.8600006,121.64781,Sell,CBA.AX
127.0999985,121.72166,Sell,CBA.AX
126.4700012,121.909805,Sell,CBA.AX
128.6900024,122.06107,Sell,CBA.AX
128.5399933,122.51431,Sell,CBA.AX
129.9199982,123.03299,Sell,CBA.AX
131.6600037,123.72052,Sell,CBA.AX
132.6900024,124.645035,Sell,CBA.AX
132.4400024,125.69204,Sell,CBA.AX
133.5,126.576035,Sell,CBA.AX
132.6600037,127.36433,Sell,CBA.AX
131.6300049,127.797165,Sell,CBA.AX
131.6799927,127.77282,Sell,CBA.AX
133.1399994,127.47869,Sell,CBA.AX
132.7799988,127.27926,Sell,CBA.AX
132.6000061,127.08403,Sell,CBA.AX
133.1399994,126.8956,Sell,CBA.AX
134.8999939,126.826645,Sell,CBA.AX
135.9499969,127.107834,Sell,CBA.AX
137.4900055,127.697945,Sell,CBA.AX
136.2700043,128.60683,Sell,CBA.AX
132.4600067,129.34398,Sell,CBA.AX
124.8899994,129.27058,Buy,CBA.AX
127.6900024,127.61149,Hold,CBA.AX
127.3399963,125.81888,Hold,CBA.AX
129.1100006,124.1567,Sell,CBA.AX
129.5500031,123.13117,Sell,CBA.AX
130.5299988,122.72585,Sell,CBA.AX
132.5200043,122.934494,Sell,CBA.AX
134.2100067,123.80117,Sell,CBA.AX
134.8999939,125.18565,Sell,CBA.AX
138.1300049,126.75688,Sell,CBA.AX
139.25,128.67778,Sell,CBA.AX
139.6000061,130.60994,Sell,CBA.AX
136.0299988,132.2332,Sell,CBA.AX
136.4600067,132.77618,Sell,CBA.AX
136.8000031,132.65495,Sell,CBA.AX
138.8099976,132.16028,Sell,CBA.AX
137.4299927,131.80168,Sell,CBA.AX
138.5700073,131.3112,Sell,CBA.AX
138.8000031,131.00739,Sell,CBA.AX
139.5,130.87746,Sell,CBA.AX
141.7700043,130.97986,Sell,CBA.AX
143.3800049,131.5566,Sell,CBA.AX
139.9400024,132.54968,Sell,CBA.AX
141.3500061,133.05336,Sell,CBA.AX
143.4700012,133.45135,Sell,CBA.AX
142.9499969,134.02994,Sell,CBA.AX
143.7700043,134.49597,Sell,CBA.AX
141.0500031,134.94579,Sell,CBA.AX
142.9600067,134.84882,Sell,CBA.AX
141.6499939,134.78116,Sell,CBA.AX
142.9900055,134.49582,Sell,CBA.AX
143.0399933,134.36125,Sell,CBA.AX
143.3200073,134.32698,Sell,CBA.AX
144.0200043,134.4061,Sell,CBA.AX
144.5,134.65152,Sell,CBA.AX
142.3899994,135.02486,Sell,CBA.AX
138.0599976,135.0678,Sell,CBA.AX
134.8899994,134.25351,Hold,CBA.AX
134.3500061,132.64838,Hold,CBA.AX
134.1600037,130.82669,Sell,CBA.AX
135.3899994,129.18263,Sell,CBA.AX
133.3399963,128.13937,Sell,CBA.AX
134.1900024,127.33651,Sell,CBA.AX
134.6100006,127.00833,Sell,CBA.AX
132.7400055,127.11066,Sell,CBA.AX
134.7700043,127.19691,Sell,CBA.AX
134.9700012,127.62186,Sell,CBA.AX
135.6300049,128.20197,Sell,CBA.AX
136.1900024,128.88835,Sell,CBA.AX
135.6399994,129.60187,Sell,CBA.AX
136.8200073,130.10883,Sell,CBA.AX
139.2899933,130.58234,Sell,CBA.AX
139.8000031,131.30649,Sell,CBA.AX
142,132.07977,Sell,CBA.AX
142.8500061,133.06563,Sell,CBA.AX
144.4499969,134.08156,Sell,CBA.AX
141.2299957,135.14925,Sell,CBA.AX
141.7799988,135.47816,Sell,CBA.AX
143.4299927,135.4083,Sell,CBA.AX
144.0200043,135.33253,Sell,CBA.AX
142.8600006,135.30699,Sell,CBA.AX
24.12999916,24.268246,Hold,ANZ.AX
24.36000061,24.23378,Hold,ANZ.AX
24.18000031,24.227018,Hold,ANZ.AX
24.37000084,24.215624,Hold,ANZ.AX
24.43000031,24.225258,Hold,ANZ.AX
24.45000076,24.25187,Hold,ANZ.AX
24.38999939,24.287445,Hold,ANZ.AX
24.70000076,24.317379,Hold,ANZ.AX
24.60000038,24.376032,Hold,ANZ.AX
24.61000061,24.431782,Hold,ANZ.AX
24.61000061,24.481234,Hold,ANZ.AX
24.79999924,24.521252,Hold,ANZ.AX
24.98999977,24.57276,Hold,ANZ.AX
25.23999977,24.64565,Sell,ANZ.AX
25.54000092,24.750208,Sell,ANZ.AX
25.53000069,24.894241,Sell,ANZ.AX
25.62999916,25.041754,Sell,ANZ.AX
25.80999947,25.185709,Sell,ANZ.AX
25.82999992,25.330921,Hold,ANZ.AX
25.79999924,25.461027,Hold,ANZ.AX
25.81999969,25.563503,Hold,ANZ.AX
25.97999954,25.640425,Hold,ANZ.AX
25.92000008,25.711967,Hold,ANZ.AX
25.98999977,25.763918,Hold,ANZ.AX
25.73999977,25.80701,Hold,ANZ.AX
25.54000092,25.810253,Hold,ANZ.AX
25.62000084,25.768541,Hold,ANZ.AX
25.65999985,25.716291,Hold,ANZ.AX
25.88999939,25.668062,Hold,ANZ.AX
25.82999992,25.654207,Hold,ANZ.AX
26.05999947,25.653399,Hold,ANZ.AX
25.89999962,25.687384,Hold,ANZ.AX
25.90999985,25.717318,Hold,ANZ.AX
25.73999977,25.743628,Hold,ANZ.AX
25.76000023,25.744837,Hold,ANZ.AX
25.79000092,25.734875,Hold,ANZ.AX
26.12999916,25.722979,Hold,ANZ.AX
26.5,25.750753,Sell,ANZ.AX
26.62000084,25.839237,Sell,ANZ.AX
26.59000015,25.964249,Sell,ANZ.AX
26.67000008,26.09136,Sell,ANZ.AX
26.85000038,26.214157,Sell,ANZ.AX
26.79000092,26.340422,Hold,ANZ.AX
27.20000076,26.445227,Sell,ANZ.AX
26.92000008,26.574194,Hold,ANZ.AX
27.26000023,26.665339,Sell,ANZ.AX
27.20999908,26.76639,Hold,ANZ.AX
27.43000031,26.85232,Sell,ANZ.AX
27.42000008,26.945858,Hold,ANZ.AX
27.64999962,27.02949,Sell,ANZ.AX
27.68000031,27.124882,Sell,ANZ.AX
28.04000092,27.21713,Sell,ANZ.AX
28.20999908,27.339348,Sell,ANZ.AX
27.80999947,27.48136,Hold,ANZ.AX
28.21999931,27.567625,Sell,ANZ.AX
28.42000008,27.664272,Sell,ANZ.AX
28.5,27.775518,Sell,ANZ.AX
27.87999916,27.889486,Hold,ANZ.AX
28.10000038,27.915037,Hold,ANZ.AX
28.02000046,27.91916,Hold,ANZ.AX
28.29000092,27.898676,Hold,ANZ.AX
28.37000084,27.900053,Hold,ANZ.AX
28.51000023,27.921013,Sell,ANZ.AX
28.47999954,27.96688,Hold,ANZ.AX
28.45000076,28.016403,Hold,ANZ.AX
28.75,28.058483,Sell,ANZ.AX
28.80999947,28.127813,Sell,ANZ.AX
28.72999954,28.208702,Hold,ANZ.AX
29.02000046,28.275927,Sell,ANZ.AX
29.29999924,28.363228,Sell,ANZ.AX
29.80999947,28.482752,Sell,ANZ.AX
29.23999977,28.66604,Hold,ANZ.AX
29.29999924,28.787518,Hold,ANZ.AX
29.79999924,28.871603,Sell,ANZ.AX
28.68000031,28.984901,Hold,ANZ.AX
28.69000053,28.957195,Hold,ANZ.AX
28.86000061,28.865948,Hold,ANZ.AX
28.79999924,28.770538,Hold,ANZ.AX
28.69000053,28.67556,Hold,ANZ.AX
29.01000023,28.579824,Hold,ANZ.AX
29.04000092,28.53559,Hold,ANZ.AX
29.14999962,28.526636,Sell,ANZ.AX
29.05999947,28.552076,Hold,ANZ.AX
29.26000023,28.581812,Sell,ANZ.AX
29.39999962,28.635689,Sell,ANZ.AX
29.38999939,28.711885,Sell,ANZ.AX
28.94000053,28.788773,Hold,ANZ.AX
29.15999985,28.801228,Hold,ANZ.AX
29.13999939,28.807117,Hold,ANZ.AX
29.21999931,28.803883,Hold,ANZ.AX
29.40999985,28.806032,Sell,ANZ.AX
29.37999916,28.833609,Hold,ANZ.AX
28.95999908,28.866646,Hold,ANZ.AX
28.95000076,28.847258,Hold,ANZ.AX
29,28.803478,Hold,ANZ.AX
28.36000061,28.757418,Hold,ANZ.AX
28.37000084,28.63704,Hold,ANZ.AX
28.55999947,28.497074,Hold,ANZ.AX
28.25,28.386127,Hold,ANZ.AX
28.22999954,28.265955,Hold,ANZ.AX
28.46999931,28.155924,Hold,ANZ.AX
28.54000092,28.094362,Hold,ANZ.AX
27.98999977,28.074322,Hold,ANZ.AX
28.06999969,28.01328,Hold,ANZ.AX
28.15999985,27.951113,Hold,ANZ.AX
28.07999992,27.905985,Hold,ANZ.AX
28.22999954,27.86577,Hold,ANZ.AX
28.47999954,27.85226,Sell,ANZ.AX
28.77000046,27.88467,Sell,ANZ.AX
28.79000092,27.972477,Sell,ANZ.AX
29.12000084,28.081156,Sell,ANZ.AX
28.79000092,28.22853,Hold,ANZ.AX
29.09000015,28.336304,Sell,ANZ.AX
28.20999908,28.447939,Hold,ANZ.AX
28.01000023,28.43726,Hold,ANZ.AX
27.68000031,28.342682,Buy,ANZ.AX
28.26000023,28.174,Hold,ANZ.AX
28.12999916,28.056993,Hold,ANZ.AX
28.18000031,27.962643,Hold,ANZ.AX
28.30999947,27.90012,Hold,ANZ.AX
28.62000084,27.878557,Sell,ANZ.AX
28.37999916,27.919302,Hold,ANZ.AX
28.11000061,27.95875,Hold,ANZ.AX
28.43000031,27.962008,Hold,ANZ.AX
28.56999969,27.98532,Sell,ANZ.AX
27.87000084,28.031307,Hold,ANZ.AX
27.93000031,27.998587,Hold,ANZ.AX
28.25,27.938803,Hold,ANZ.AX
28.57999992,27.908903,Sell,ANZ.AX
28.59000015,27.936895,Sell,ANZ.AX
28.78000069,27.99301,Sell,ANZ.AX
29.05999947,28.081398,Sell,ANZ.AX
29.18000031,28.209726,Sell,ANZ.AX
28.90999985,28.357098,Hold,ANZ.AX
28.78000069,28.462751,Hold,ANZ.AX
28.77000046,28.518047,Hold,ANZ.AX
28.75,28.53775,Hold,ANZ.AX
28.79999924,28.532398,Hold,ANZ.AX
29.23999977,28.51979,Sell,ANZ.AX
29.12999916,28.557985,Hold,ANZ.AX
29.19000053,28.602629,Sell,ANZ.AX
28.94000053,28.653814,Hold,ANZ.AX
28.64999962,28.67089,Hold,ANZ.AX
28.81999969,28.633265,Hold,ANZ.AX
28.45000076,28.59277,Hold,ANZ.AX
28.29000092,28.508766,Hold,ANZ.AX
28.23999977,28.39466,Hold,ANZ.AX
28.45000076,28.272957,Hold,ANZ.AX
28.26000023,28.187798,Hold,ANZ.AX
28.14999962,28.108978,Hold,ANZ.AX
28.51000023,28.031984,Hold,ANZ.AX
28.64999962,28.010004,Sell,ANZ.AX
28.70999908,28.035885,Sell,ANZ.AX
29.29000092,28.092115,Sell,ANZ.AX
29.70000076,28.229073,Sell,ANZ.AX
29.34000015,28.440418,Sell,ANZ.AX
29.60000038,28.619894,Sell,ANZ.AX
29.82999992,28.79428,Sell,ANZ.AX
29.78000069,28.969738,Sell,ANZ.AX
29.96999931,29.115284,Sell,ANZ.AX
30.05999947,29.24965,Sell,ANZ.AX
29.70999908,29.369884,Hold,ANZ.AX
29.48999977,29.422281,Hold,ANZ.AX
29.70999908,29.405941,Hold,ANZ.AX
29.48999977,29.382227,Hold,ANZ.AX
29.31999969,29.327538,Hold,ANZ.AX
29.15999985,29.24345,Hold,ANZ.AX
28.81999969,29.135172,Hold,ANZ.AX
28.52000046,28.986494,Hold,ANZ.AX
29.04999924,28.800207,Hold,ANZ.AX
29.23999977,28.683306,Hold,ANZ.AX
28.70999908,28.63825,Hold,ANZ.AX
27.43000031,28.573168,Buy,ANZ.AX
27.29999924,28.35453,Buy,ANZ.AX
27.36000061,28.072784,Buy,ANZ.AX
27.64999962,27.797832,Hold,ANZ.AX
27.95999908,27.594267,Hold,ANZ.AX
28.21999931,27.490906,Sell,ANZ.AX
28.68000031,27.48635,Sell,ANZ.AX
28.72999954,27.592558,Sell,ANZ.AX
29.19000053,27.751768,Sell,ANZ.AX
29.59000015,27.977547,Sell,ANZ.AX
29.73999977,28.258701,Sell,ANZ.AX
29.93000031,28.551607,Sell,ANZ.AX
29.95000076,28.836746,Sell,ANZ.AX
29.95000076,29.082172,Sell,ANZ.AX
29.29999924,29.273773,Hold,ANZ.AX
29.67000008,29.329588,Hold,ANZ.AX
29.62000084,29.354294,Hold,ANZ.AX
29.92000008,29.347918,Hold,ANZ.AX
30.04000092,29.362427,Sell,ANZ.AX
30.39999962,29.39846,Sell,ANZ.AX
30.65999985,29.485481,Sell,ANZ.AX
30.95000076,29.618813,Sell,ANZ.AX
30.45999908,29.794811,Sell,ANZ.AX
31.25,29.907396,Sell,ANZ.AX
31.79000092,30.074425,Sell,ANZ.AX
31.52000046,30.310204,Sell,ANZ.AX
31.39999962,30.5139,Sell,ANZ.AX
30.84000015,30.660784,Hold,ANZ.AX
31.29999924,30.686644,Hold,ANZ.AX
31.14999962,30.706264,Hold,ANZ.AX
31.20000076,30.69512,Hold,ANZ.AX
31.20999908,30.676296,Hold,ANZ.AX
31.14999962,30.656124,Hold,ANZ.AX
31.5,30.629934,Sell,ANZ.AX
31.88999939,30.648655,Sell,ANZ.AX
31.70000076,30.735489,Sell,ANZ.AX
31.11000061,30.820503,Hold,ANZ.AX
30.78000069,30.820583,Hold,ANZ.AX
30.75,30.738363,Hold,ANZ.AX
30.44000053,30.620903,Hold,ANZ.AX
30.47999954,30.460226,Hold,ANZ.AX
30.14999962,30.30474,Hold,ANZ.AX
30.11000061,30.130335,Hold,ANZ.AX
30.07999992,29.966412,Hold,ANZ.AX
29.63999939,29.825928,Hold,ANZ.AX
29.98999977,29.662228,Hold,ANZ.AX
30.11000061,29.554438,Hold,ANZ.AX
30.22999954,29.503035,Sell,ANZ.AX
30.31999969,29.50392,Sell,ANZ.AX
30.38999939,29.544468,Sell,ANZ.AX
30.86000061,29.610298,Sell,ANZ.AX
31.14999962,29.740334,Sell,ANZ.AX
31.39999962,29.921783,Sell,ANZ.AX
31.81999969,30.13771,Sell,ANZ.AX
31.59000015,30.395958,Sell,ANZ.AX
31.51000023,30.61052,Sell,ANZ.AX
31.25,30.764946,Hold,ANZ.AX
31.36000061,30.833141,Hold,ANZ.AX
31.70999908,30.86115,Sell,ANZ.AX
31.70999908,30.906046,Sell,ANZ.AX
31.45000076,30.950163,Hold,ANZ.AX
21.10000038,21.495996,Hold,WBC.AX
21.25,21.48725,Hold,WBC.AX
21.14999962,21.47947,Hold,WBC.AX
21.37000084,21.4533,Hold,WBC.AX
21.27000046,21.465078,Hold,WBC.AX
21.38999939,21.47422,Hold,WBC.AX
21.42000008,21.50398,Hold,WBC.AX
21.79000092,21.544212,Hold,WBC.AX
21.90999985,21.653982,Hold,WBC.AX
21.92000008,21.801306,Hold,WBC.AX
21.94000053,21.941706,Hold,WBC.AX
21.94000053,22.05499,Hold,WBC.AX
22.13999939,22.131353,Hold,WBC.AX
22.29000092,22.21212,Hold,WBC.AX
22.48999977,22.307417,Hold,WBC.AX
22.47999954,22.430304,Hold,WBC.AX
22.64999962,22.540434,Hold,WBC.AX
22.87999916,22.656137,Hold,WBC.AX
22.85000038,22.796997,Hold,WBC.AX
22.84000015,22.91593,Hold,WBC.AX
22.87999916,22.998014,Hold,WBC.AX
23.01000023,23.052513,Hold,WBC.AX
22.89999962,23.107712,Hold,WBC.AX
23.07999992,23.129478,Hold,WBC.AX
22.87000084,23.167019,Hold,WBC.AX
22.63999939,23.162336,Buy,WBC.AX
22.86000061,23.092474,Hold,WBC.AX
22.87999916,23.049036,Hold,WBC.AX
23.10000038,23.031591,Hold,WBC.AX
22.95999908,23.076942,Hold,WBC.AX
23.23999977,23.118126,Hold,WBC.AX
23.19000053,23.207996,Hold,WBC.AX
23.27000046,23.294582,Hold,WBC.AX
23.06999969,23.379602,Hold,WBC.AX
22.89999962,23.405828,Buy,WBC.AX
22.85000038,23.362883,Buy,WBC.AX
23.20000076,23.28313,Hold,WBC.AX
23.45000076,23.27088,Hold,WBC.AX
23.63999939,23.345022,Hold,WBC.AX
23.55999947,23.487741,Hold,WBC.AX
23.70000076,23.621054,Hold,WBC.AX
23.93000031,23.752287,Hold,WBC.AX
23.81999969,23.902187,Hold,WBC.AX
24.18000031,24.006586,Hold,WBC.AX
23.77000046,24.140856,Hold,WBC.AX
24.04999924,24.174477,Hold,WBC.AX
24.18000031,24.209297,Hold,WBC.AX
24.14999962,24.261578,Hold,WBC.AX
24.27000046,24.304827,Hold,WBC.AX
24.40999985,24.359932,Hold,WBC.AX
24.37000084,24.438585,Hold,WBC.AX
24.5,24.504433,Hold,WBC.AX
24.54999924,24.57829,Hold,WBC.AX
24.12000084,24.651083,Buy,WBC.AX
24.37000084,24.617956,Hold,WBC.AX
24.56999969,24.592976,Hold,WBC.AX
25.23999977,24.617455,Sell,WBC.AX
25.89999962,24.803688,Sell,WBC.AX
25.88999939,25.174006,Sell,WBC.AX
25.87000084,25.558449,Hold,WBC.AX
25.94000053,25.865576,Hold,WBC.AX
26.04000092,26.081184,Hold,WBC.AX
26.25,26.221903,Hold,WBC.AX
26.20000076,26.336105,Hold,WBC.AX
26.35000038,26.396627,Hold,WBC.AX
26.40999985,26.448402,Hold,WBC.AX
26.67000008,26.4954,Hold,WBC.AX
26.64999962,26.586926,Hold,WBC.AX
26.94000053,26.675573,Hold,WBC.AX
27,26.809877,Hold,WBC.AX
27.70000076,26.950655,Sell,WBC.AX
26.81999969,27.222992,Hold,WBC.AX
27.01000023,27.298887,Hold,WBC.AX
27.5,27.310307,Hold,WBC.AX
26.46999931,27.393831,Buy,WBC.AX
26.19000053,27.258827,Buy,WBC.AX
26.32999992,26.99198,Buy,WBC.AX
26.25,26.750254,Hold,WBC.AX
26.18000031,26.556091,Hold,WBC.AX
26.67000008,26.417028,Hold,WBC.AX
26.46999931,26.448875,Hold,WBC.AX
26.44000053,26.517479,Hold,WBC.AX
26.23999977,26.589783,Hold,WBC.AX
26,26.606646,Buy,WBC.AX
26.10000038,26.541222,Hold,WBC.AX
26.11000061,26.471764,Hold,WBC.AX
25.82999992,26.415598,Buy,WBC.AX
26.03000069,26.316425,Hold,WBC.AX
26.02000046,26.262644,Hold,WBC.AX
26.09000015,26.239159,Hold,WBC.AX
26.38999939,26.251888,Hold,WBC.AX
26.38999939,26.345934,Hold,WBC.AX
26.10000038,26.459,Hold,WBC.AX
26.02000046,26.493217,Hold,WBC.AX
26.15999985,26.463446,Hold,WBC.AX
25.54999924,26.436811,Buy,WBC.AX
25.57999992,26.280699,Buy,WBC.AX
25.72999954,26.103298,Hold,WBC.AX
25.5,25.98396,Hold,WBC.AX
25.72999954,25.868818,Hold,WBC.AX
25.96999931,25.833462,Hold,WBC.AX
26.19000053,25.898113,Hold,WBC.AX
25.69000053,26.048496,Hold,WBC.AX
25.76000023,26.101109,Hold,WBC.AX
25.95999908,26.112188,Hold,WBC.AX
25.79000092,26.141209,Hold,WBC.AX
26.03000069,26.13304,Hold,WBC.AX
26.42000008,26.16057,Hold,WBC.AX
27.12000084,26.282988,Sell,WBC.AX
27.88999939,26.579628,Sell,WBC.AX
27.88999939,27.070274,Sell,WBC.AX
26.31999969,27.54817,Buy,WBC.AX
26.65999985,27.553858,Buy,WBC.AX
26.68000031,27.406113,Buy,WBC.AX
26.60000038,27.206673,Buy,WBC.AX
26.36000061,27.003214,Buy,WBC.AX
26.72999954,26.789104,Hold,WBC.AX
26.77000046,26.70193,Hold,WBC.AX
26.96999931,26.706875,Hold,WBC.AX
27.06999969,26.806824,Hold,WBC.AX
27.06999969,26.95869,Hold,WBC.AX
26.87000084,27.106663,Hold,WBC.AX
26.55999947,27.177202,Buy,WBC.AX
26.75,27.125494,Hold,WBC.AX
26.63999939,27.067505,Hold,WBC.AX
26.01000023,26.99138,Buy,WBC.AX
25.93000031,26.783749,Buy,WBC.AX
25.97999954,26.543238,Buy,WBC.AX
26.62999916,26.349573,Hold,WBC.AX
26.73999977,26.364944,Hold,WBC.AX
26.76000023,26.505796,Hold,WBC.AX
26.96999931,26.688131,Hold,WBC.AX
26.96999931,26.901087,Hold,WBC.AX
26.69000053,27.081617,Hold,WBC.AX
26.70999908,27.141773,Hold,WBC.AX
26.87999916,27.131704,Hold,WBC.AX
26.79000092,27.122368,Hold,WBC.AX
26.96999931,27.090927,Hold,WBC.AX
27.21999931,27.094688,Hold,WBC.AX
27.12000084,27.169014,Hold,WBC.AX
27.25,27.238234,Hold,WBC.AX
27.23999977,27.320255,Hold,WBC.AX
27.14999962,27.387035,Hold,WBC.AX
27.46999931,27.410862,Hold,WBC.AX
27.30999947,27.480373,Hold,WBC.AX
27.09000015,27.517975,Hold,WBC.AX
27.22999954,27.48297,Hold,WBC.AX
27.20999908,27.452248,Hold,WBC.AX
27.11000061,27.424232,Hold,WBC.AX
27.12000084,27.382025,Hold,WBC.AX
27.35000038,27.34601,Hold,WBC.AX
27.20000076,27.373833,Hold,WBC.AX
27.12999916,27.393244,Hold,WBC.AX
27.68000031,27.391281,Hold,WBC.AX
27.52000046,27.504766,Hold,WBC.AX
27.62999916,27.61108,Hold,WBC.AX
27.89999962,27.717901,Hold,WBC.AX
28.11000061,27.861519,Hold,WBC.AX
28.18000031,28.036795,Hold,WBC.AX
28.47999954,28.202234,Hold,WBC.AX
28.47999954,28.392965,Hold,WBC.AX
28.21999931,28.548473,Hold,WBC.AX
28.06999969,28.5882,Hold,WBC.AX
28.31999969,28.52558,Hold,WBC.AX
28.53000069,28.482153,Hold,WBC.AX
28.34000015,28.502695,Hold,WBC.AX
28.59000015,28.505198,Hold,WBC.AX
28.98999977,28.559685,Hold,WBC.AX
29.07999992,28.720295,Hold,WBC.AX
29.79999924,28.917385,Sell,WBC.AX
29.70999908,29.259777,Hold,WBC.AX
28.97999954,29.569138,Buy,WBC.AX
27.68000031,29.616379,Buy,WBC.AX
27.81999969,29.219925,Buy,WBC.AX
27.62000084,28.7383,Buy,WBC.AX
27.85000038,28.272121,Hold,WBC.AX
28.04999924,27.974932,Hold,WBC.AX
28.21999931,27.877634,Hold,WBC.AX
28.52000046,27.948368,Sell,WBC.AX
28.85000038,28.164625,Sell,WBC.AX
29.29999924,28.487087,Sell,WBC.AX
29.65999985,28.897635,Sell,WBC.AX
30.39999962,29.34175,Sell,WBC.AX
30.31999969,29.873224,Hold,WBC.AX
30.28000069,30.2932,Hold,WBC.AX
30.04999924,30.541725,Hold,WBC.AX
30.03000069,30.57903,Hold,WBC.AX
30.67000008,30.489136,Hold,WBC.AX
30.48999977,30.503805,Hold,WBC.AX
30.82999992,30.51069,Hold,WBC.AX
31.07999992,30.596985,Hold,WBC.AX
31.23999977,30.760487,Hold,WBC.AX
31.60000038,30.96278,Sell,WBC.AX
31.80999947,31.226185,Hold,WBC.AX
31.12999916,31.506863,Hold,WBC.AX
31.57999992,31.556507,Hold,WBC.AX
32.09999847,31.599455,Hold,WBC.AX
31.87000084,31.750181,Hold,WBC.AX
32.31000137,31.85376,Hold,WBC.AX
31.84000015,32.024162,Hold,WBC.AX
32.29999924,32.06164,Hold,WBC.AX
32.09999847,32.147213,Hold,WBC.AX
32.79000092,32.177967,Hold,WBC.AX
33.02999878,32.353,Sell,WBC.AX
33.15999985,32.609863,Hold,WBC.AX
33.36999893,32.876766,Hold,WBC.AX
33.56999969,33.13544,Hold,WBC.AX
33.61000061,33.37286,Hold,WBC.AX
32.81999969,33.54482,Buy,WBC.AX
32.54999924,33.431026,Buy,WBC.AX
32.34000015,33.143547,Buy,WBC.AX
31.79999924,32.788685,Buy,WBC.AX
31.71999931,32.354908,Buy,WBC.AX
31.19000053,31.981197,Buy,WBC.AX
31.11000061,31.603966,Hold,WBC.AX
30.70999908,31.313889,Hold,WBC.AX
30.13999939,31.049196,Buy,WBC.AX
30.78000069,30.736933,Hold,WBC.AX
30.90999985,30.647346,Hold,WBC.AX
31.02000046,30.72102,Hold,WBC.AX
30.89999962,30.8928,Hold,WBC.AX
30.86000061,31.046768,Hold,WBC.AX
31.04999924,31.147312,Hold,WBC.AX
31.55999947,31.241299,Hold,WBC.AX
31.73999977,31.428486,Hold,WBC.AX
32.54999924,31.650307,Sell,WBC.AX
32.40999985,32.032574,Hold,WBC.AX
32.50999832,32.349754,Hold,WBC.AX
31.93000031,32.576946,Buy,WBC.AX
32.02999878,32.543713,Hold,WBC.AX
32.11000061,32.413334,Hold,WBC.AX
32.13999939,32.27634,Hold,WBC.AX
32.15999985,32.171528,Hold,WBC.AX
28.02000046,27.49935,Hold,NAB.AX
28.36000061,27.49875,Sell,NAB.AX
28.10000038,27.539762,Hold,NAB.AX
28.39999962,27.57624,Sell,NAB.AX
28.43000031,27.63522,Sell,NAB.AX
28.64999962,27.702978,Sell,NAB.AX
28.77000046,27.789396,Sell,NAB.AX
29.31999969,27.888311,Sell,NAB.AX
29.19000053,28.035208,Sell,NAB.AX
29.20000076,28.181313,Sell,NAB.AX
29.29999924,28.31358,Sell,NAB.AX
29.52000046,28.432861,Sell,NAB.AX
29.76000023,28.551807,Sell,NAB.AX
29.95000076,28.67946,Sell,NAB.AX
30.18000031,28.815714,Sell,NAB.AX
30.19000053,28.96362,Sell,NAB.AX
30.35000038,29.102852,Sell,NAB.AX
30.54999924,29.237324,Sell,NAB.AX
30.47999954,29.37268,Sell,NAB.AX
30.38999939,29.486631,Sell,NAB.AX
30.51000023,29.567726,Sell,NAB.AX
30.72999954,29.632355,Sell,NAB.AX
30.70000076,29.700283,Sell,NAB.AX
30.86000061,29.759024,Sell,NAB.AX
30.59000015,29.821564,Sell,NAB.AX
30.45999908,29.85344,Hold,NAB.AX
30.55999947,29.853148,Sell,NAB.AX
30.51000023,29.843788,Sell,NAB.AX
30.89999962,29.824688,Sell,NAB.AX
30.71999931,29.838999,Sell,NAB.AX
30.96999931,29.85267,Sell,NAB.AX
30.90999985,29.889576,Sell,NAB.AX
30.92000008,29.929382,Sell,NAB.AX
30.72999954,29.968258,Sell,NAB.AX
30.73999977,29.984526,Sell,NAB.AX
30.88999939,29.987717,Sell,NAB.AX
31.28000069,29.996773,Sell,NAB.AX
31.62999916,30.044327,Sell,NAB.AX
31.93000031,30.140797,Sell,NAB.AX
31.87000084,30.282932,Sell,NAB.AX
31.79000092,30.429937,Sell,NAB.AX
32.13999939,30.557005,Sell,NAB.AX
32.13000107,30.692173,Sell,NAB.AX
32.59999847,30.814209,Sell,NAB.AX
31.89999962,30.96023,Sell,NAB.AX
32.25,31.034798,Sell,NAB.AX
32.34000015,31.097118,Sell,NAB.AX
32.20000076,31.15114,Sell,NAB.AX
32.13000107,31.18055,Sell,NAB.AX
32.45999908,31.186543,Sell,NAB.AX
32.36999893,31.20984,Sell,NAB.AX
32.65000153,31.230024,Sell,NAB.AX
32.93000031,31.27376,Sell,NAB.AX
32.50999832,31.351572,Sell,NAB.AX
32.84999847,31.399355,Sell,NAB.AX
33.06999969,31.459738,Sell,NAB.AX
33.16999817,31.539436,Sell,NAB.AX
33.49000168,31.63012,Sell,NAB.AX
33.61000061,31.74755,Sell,NAB.AX
33.47999954,31.877298,Sell,NAB.AX
33.86000061,31.986929,Sell,NAB.AX
33.90000153,32.110104,Sell,NAB.AX
34.08000183,32.228607,Sell,NAB.AX
33.88000107,32.348442,Sell,NAB.AX
33.84000015,32.43515,Sell,NAB.AX
34.04000092,32.490406,Sell,NAB.AX
34.13999939,32.54037,Sell,NAB.AX
33.75999832,32.589653,Sell,NAB.AX
34.09999847,32.595787,Sell,NAB.AX
34.31999969,32.611588,Sell,NAB.AX
35.11000061,32.649624,Sell,NAB.AX
34.02999878,32.771286,Sell,NAB.AX
33.88000107,32.818478,Sell,NAB.AX
34.45000076,32.8112,Sell,NAB.AX
33.5,32.828144,Sell,NAB.AX
33.81000137,32.76119,Sell,NAB.AX
34.02999878,32.69008,Sell,NAB.AX
33.93999863,32.642548,Sell,NAB.AX
33.90999985,32.604027,Sell,NAB.AX
34.77999878,32.573242,Sell,NAB.AX
34.75999832,32.634457,Sell,NAB.AX
34.56000137,32.73469,Sell,NAB.AX
34.45999908,32.828335,Sell,NAB.AX
34.68999863,32.899673,Sell,NAB.AX
34.63999939,32.972763,Sell,NAB.AX
34.81999969,33.031895,Sell,NAB.AX
34.43000031,33.094105,Sell,NAB.AX
34.38999939,33.111958,Sell,NAB.AX
34.33000183,33.10113,Sell,NAB.AX
34.45000076,33.068905,Sell,NAB.AX
34.63000107,33.039646,Sell,NAB.AX
34.63000107,33.03173,Sell,NAB.AX
34.29999924,33.0359,Sell,NAB.AX
34.15000153,33.015076,Sell,NAB.AX
33.93000031,32.97013,Sell,NAB.AX
33.36000061,32.895832,Hold,NAB.AX
33.15000153,32.75941,Hold,NAB.AX
33.45000076,32.585888,Sell,NAB.AX
33.06000137,32.439644,Hold,NAB.AX
33.40000153,32.285843,Sell,NAB.AX
33.84000015,32.1803,Sell,NAB.AX
34,32.154324,Sell,NAB.AX
33.50999832,32.190792,Sell,NAB.AX
33.61999893,32.212566,Sell,NAB.AX
33.79999924,32.237743,Sell,NAB.AX
33.79000092,32.278294,Sell,NAB.AX
34.27999878,32.32115,Sell,NAB.AX
34.40000153,32.40791,Sell,NAB.AX
34.65999985,32.51886,Sell,NAB.AX
34.13999939,32.656216,Sell,NAB.AX
33.95999908,32.74168,Sell,NAB.AX
33.52000046,32.77376,Sell,NAB.AX
33.81000137,32.729378,Sell,NAB.AX
34.04000092,32.675945,Sell,NAB.AX
33.99000168,32.64243,Sell,NAB.AX
33.75,32.61785,Sell,NAB.AX
34.56000137,32.578777,Sell,NAB.AX
34.52999878,32.615215,Sell,NAB.AX
34.72999954,32.682873,Sell,NAB.AX
34.70999908,32.781475,Sell,NAB.AX
34.79000092,32.883873,Sell,NAB.AX
34.40000153,32.985016,Sell,NAB.AX
33.95999908,33.03565,Sell,NAB.AX
34.22999954,33.011497,Sell,NAB.AX
34.27999878,32.975346,Sell,NAB.AX
33.65000153,32.93835,Sell,NAB.AX
33.61000061,32.84405,Sell,NAB.AX
33.90999985,32.727848,Sell,NAB.AX
34.45999908,32.64032,Sell,NAB.AX
34.56000137,32.62979,Sell,NAB.AX
34.79999924,32.671574,Sell,NAB.AX
35,32.762535,Sell,NAB.AX
35.22999954,32.890057,Sell,NAB.AX
34.86999893,33.045753,Sell,NAB.AX
34.74000168,33.163967,Sell,NAB.AX
35.00999832,33.23723,Sell,NAB.AX
35.02000046,33.30269,Sell,NAB.AX
35.25999832,33.35471,Sell,NAB.AX
36,33.416214,Sell,NAB.AX
36.16999817,33.546143,Sell,NAB.AX
36.18999863,33.712116,Sell,NAB.AX
36.20999908,33.881355,Sell,NAB.AX
35.95999908,34.035034,Sell,NAB.AX
36.68999863,34.1373,Sell,NAB.AX
36.29000092,34.271008,Sell,NAB.AX
36.02999878,34.361908,Sell,NAB.AX
36.22999954,34.395798,Sell,NAB.AX
36.06999969,34.414,Sell,NAB.AX
35.68999863,34.403164,Sell,NAB.AX
35.45000076,34.341015,Sell,NAB.AX
35.77000046,34.235928,Sell,NAB.AX
35.33000183,34.150597,Sell,NAB.AX
35.33000183,34.04074,Sell,NAB.AX
35.84000015,33.933155,Sell,NAB.AX
35.81999969,33.888317,Sell,NAB.AX
36.20000076,33.879112,Sell,NAB.AX
36.95000076,33.92949,Sell,NAB.AX
37.25,34.079098,Sell,NAB.AX
37.38000107,34.293182,Sell,NAB.AX
37.77000046,34.53125,Sell,NAB.AX
37.68999863,34.79326,Sell,NAB.AX
37.24000168,35.02748,Sell,NAB.AX
36.91999817,35.174774,Sell,NAB.AX
37.36000061,35.22689,Sell,NAB.AX
37.59000015,35.263306,Sell,NAB.AX
37.24000168,35.30414,Sell,NAB.AX
37.40999985,35.306244,Sell,NAB.AX
37.90000153,35.305626,Sell,NAB.AX
37.91999817,35.34952,Sell,NAB.AX
38.58000183,35.411407,Sell,NAB.AX
38.04999924,35.541504,Sell,NAB.AX
36.5,35.637516,Sell,NAB.AX
34.81000137,35.555668,Buy,NAB.AX
35.04999924,35.23027,Hold,NAB.AX
34.74000168,34.840252,Hold,NAB.AX
35.31000137,34.422974,Sell,NAB.AX
35.63000107,34.094475,Sell,NAB.AX
35.99000168,33.880417,Sell,NAB.AX
36.20000076,33.790413,Sell,NAB.AX
35.79000092,33.801655,Sell,NAB.AX
35.93999863,33.830532,Sell,NAB.AX
36.47999954,33.8852,Sell,NAB.AX
36.90999985,34.000046,Sell,NAB.AX
36.88000107,34.174667,Sell,NAB.AX
36.81000137,34.358265,Sell,NAB.AX
36.90000153,34.519848,Sell,NAB.AX
36.93000031,34.65937,Sell,NAB.AX
37.75,34.77185,Sell,NAB.AX
37.36000061,34.935482,Sell,NAB.AX
37.70000076,35.063957,Sell,NAB.AX
37.93999863,35.19433,Sell,NAB.AX
38.16999817,35.33053,Sell,NAB.AX
38.65000153,35.47445,Sell,NAB.AX
38.91999817,35.650963,Sell,NAB.AX
37.95000076,35.84755,Sell,NAB.AX
38.5,35.934128,Sell,NAB.AX
39.04999924,36.010582,Sell,NAB.AX
38.93000031,36.119926,Sell,NAB.AX
38.95000076,36.217953,Sell,NAB.AX
38.38000107,36.301144,Sell,NAB.AX
38.75999832,36.30909,Sell,NAB.AX
38.27999878,36.315735,Sell,NAB.AX
38.77999878,36.268936,Sell,NAB.AX
38.86000061,36.25098,Sell,NAB.AX
39.41999817,36.254147,Sell,NAB.AX
39.5,36.323883,Sell,NAB.AX
39.66999817,36.426273,Sell,NAB.AX
39.70000076,36.551907,Sell,NAB.AX
38.5,36.677433,Sell,NAB.AX
37.47999954,36.66896,Sell,NAB.AX
37.61000061,36.49632,Sell,NAB.AX
36.93999863,36.272163,Hold,NAB.AX
37.34999847,35.976418,Sell,NAB.AX
37.13000107,35.720467,Sell,NAB.AX
36.97999954,35.491085,Sell,NAB.AX
37,35.291645,Sell,NAB.AX
36.43000031,35.136253,Sell,NAB.AX
37.11999893,34.969032,Sell,NAB.AX
37.27000046,34.88711,Sell,NAB.AX
37.45999908,34.87259,Sell,NAB.AX
37.29000092,34.91716,Sell,NAB.AX
37.27999878,34.973354,Sell,NAB.AX
37.63000107,35.030952,Sell,NAB.AX
38.18000031,35.117203,Sell,NAB.AX
38.45000076,35.26093,Sell,NAB.AX
39.11999893,35.4431,Sell,NAB.AX
39.18000031,35.690228,Sell,NAB.AX
39.41999817,35.945717,Sell,NAB.AX
38.58000183,36.199265,Sell,NAB.AX
38.61999893,36.335724,Sell,NAB.AX
38.90000153,36.400574,Sell,NAB.AX
38.95000076,36.442608,Sell,NAB.AX
38.66999817,36.467937,Sell,NAB.AX
46.52000046,46.5342,Hold,BHP.AX
46.43000031,46.405193,Hold,BHP.AX
46.18999863,46.2048,Hold,BHP.AX
46.29999924,45.96178,Hold,BHP.AX
46.34000015,45.76421,Hold,BHP.AX
47.13999939,45.63036,Sell,BHP.AX
46.52000046,45.69547,Hold,BHP.AX
47.22999954,45.727413,Sell,BHP.AX
47.41999817,45.876926,Sell,BHP.AX
47.74000168,46.081673,Sell,BHP.AX
47.54000092,46.332905,Sell,BHP.AX
47.56000137,46.52061,Sell,BHP.AX
47.86999893,46.648987,Sell,BHP.AX
48.25,46.778152,Sell,BHP.AX
49.40999985,46.945404,Sell,BHP.AX
49.34000015,47.303402,Sell,BHP.AX
49.61999893,47.65596,Sell,BHP.AX
49.79999924,47.99237,Sell,BHP.AX
49.74000168,48.283455,Sell,BHP.AX
49.72999954,48.48033,Sell,BHP.AX
50.25999832,48.589817,Sell,BHP.AX
50.72000122,48.72994,Sell,BHP.AX
50.40999985,48.930454,Sell,BHP.AX
50.54000092,49.054962,Sell,BHP.AX
49.77000046,49.14748,Hold,BHP.AX
49.58000183,49.060135,Hold,BHP.AX
49.06999969,48.880417,Hold,BHP.AX
48.65999985,48.59781,Hold,BHP.AX
48.97000122,48.25269,Hold,BHP.AX
47.86000061,48.005466,Hold,BHP.AX
47.81000137,47.64724,Hold,BHP.AX
47.70999908,47.315693,Hold,BHP.AX
47.27000046,47.043007,Hold,BHP.AX
46.5,46.775795,Hold,BHP.AX
46.56999969,46.434162,Hold,BHP.AX
45.72999954,46.1463,Hold,BHP.AX
45.72999954,45.78929,Hold,BHP.AX
45.84999847,45.47893,Hold,BHP.AX
46.29999924,45.26988,Sell,BHP.AX
46.86000061,45.22859,Sell,BHP.AX
47.54000092,45.37365,Sell,BHP.AX
46.86999893,45.70177,Sell,BHP.AX
47.04999924,45.934174,Sell,BHP.AX
47.27000046,46.120773,Sell,BHP.AX
47.11000061,46.285,Hold,BHP.AX
47.61000061,46.373432,Sell,BHP.AX
46.45000076,46.497967,Hold,BHP.AX
45.95999908,46.398224,Hold,BHP.AX
46.43999863,46.13627,Hold,BHP.AX
46.41999817,45.931313,Hold,BHP.AX
46.29999924,45.77782,Hold,BHP.AX
46.06999969,45.65717,Hold,BHP.AX
46.31999969,45.536922,Hold,BHP.AX
45.95000076,45.4878,Hold,BHP.AX
45.16999817,45.414745,Hold,BHP.AX
45.61000061,45.21294,Hold,BHP.AX
46.04000092,45.073593,Sell,BHP.AX
45.54000092,45.058895,Hold,BHP.AX
44.47000122,45.015892,Hold,BHP.AX
44.29999924,44.788193,Hold,BHP.AX
44.54999924,44.49625,Hold,BHP.AX
43.97000122,44.268738,Hold,BHP.AX
44.04000092,44.00909,Hold,BHP.AX
43.95000076,43.8009,Hold,BHP.AX
43.93000031,43.639095,Hold,BHP.AX
44.91999817,43.52828,Sell,BHP.AX
44.22999954,43.635944,Hold,BHP.AX
44.63000107,43.70282,Sell,BHP.AX
44.34999847,43.819347,Hold,BHP.AX
43.86000061,43.885887,Hold,BHP.AX
43.95000076,43.83451,Hold,BHP.AX
42.81999969,43.7546,Buy,BHP.AX
42.52000046,43.475998,Buy,BHP.AX
41.95000076,43.110203,Buy,BHP.AX
43.06000137,42.668842,Hold,BHP.AX
42.40999985,42.460716,Hold,BHP.AX
42.40999985,42.280792,Hold,BHP.AX
43.59000015,42.157528,Sell,BHP.AX
43.81000137,42.287033,Sell,BHP.AX
44.15000153,42.547943,Sell,BHP.AX
43.79000092,42.889908,Sell,BHP.AX
43.88000107,43.148247,Hold,BHP.AX
43.61999893,43.340015,Hold,BHP.AX
43.68000031,43.416607,Hold,BHP.AX
44.27000046,43.433758,Hold,BHP.AX
45.13000107,43.516884,Sell,BHP.AX
44.86000061,43.75853,Sell,BHP.AX
44.75,43.97793,Hold,BHP.AX
44.34999847,44.13222,Hold,BHP.AX
44.25,44.156937,Hold,BHP.AX
45.13000107,44.099194,Sell,BHP.AX
45.45999908,44.163383,Sell,BHP.AX
45.93999863,44.321342,Sell,BHP.AX
45.52000046,44.57903,Sell,BHP.AX
45.77000046,44.760338,Sell,BHP.AX
44.97000122,44.921974,Hold,BHP.AX
44.43999863,44.898617,Hold,BHP.AX
45.09000015,44.70553,Hold,BHP.AX
44.63000107,44.58169,Hold,BHP.AX
45.41999817,44.422237,Sell,BHP.AX
45.5,44.41889,Sell,BHP.AX
45.22999954,44.49722,Hold,BHP.AX
43.15000153,44.556328,Buy,BHP.AX
42.97000122,44.23748,Buy,BHP.AX
43.02999878,43.78758,Hold,BHP.AX
42.31999969,43.36081,Buy,BHP.AX
42.38000107,42.89682,Hold,BHP.AX
42.40999985,42.515198,Hold,BHP.AX
42.75,42.245857,Hold,BHP.AX
43.41999817,42.139305,Sell,BHP.AX
43.38000107,42.246716,Sell,BHP.AX
43.06000137,42.43282,Hold,BHP.AX
42.90999985,42.575684,Hold,BHP.AX
43.25,42.651752,Hold,BHP.AX
43.15000153,42.74092,Hold,BHP.AX
44.09000015,42.798386,Sell,BHP.AX
44.54000092,42.992455,Sell,BHP.AX
44.88999939,43.28642,Sell,BHP.AX
45.72000122,43.634716,Sell,BHP.AX
46.04000092,44.089867,Sell,BHP.AX
46.24000168,44.56228,Sell,BHP.AX
44.90999985,44.98872,Hold,BHP.AX
44.63999939,45.07378,Hold,BHP.AX
45.15000153,44.943356,Hold,BHP.AX
45.08000183,44.817303,Hold,BHP.AX
45.08000183,44.691803,Hold,BHP.AX
44.29999924,44.588833,Hold,BHP.AX
44.50999832,44.378857,Hold,BHP.AX
44.81000137,44.201584,Hold,BHP.AX
44.27999878,44.12114,Hold,BHP.AX
43.90000153,44.008465,Hold,BHP.AX
44.04999924,43.843544,Hold,BHP.AX
44.52999878,43.71401,Hold,BHP.AX
43.74000168,43.706924,Hold,BHP.AX
43.5,43.620453,Hold,BHP.AX
43.20000076,43.481026,Hold,BHP.AX
43.09000015,43.291153,Hold,BHP.AX
42.54000092,43.094353,Hold,BHP.AX
42.79999924,42.835537,Hold,BHP.AX
42.74000168,42.64245,Hold,BHP.AX
42.75,42.5021,Hold,BHP.AX
42.77999878,42.416332,Hold,BHP.AX
42.43000031,42.37919,Hold,BHP.AX
43.31999969,42.314137,Sell,BHP.AX
43.34000015,42.403744,Sell,BHP.AX
43.15000153,42.5487,Hold,BHP.AX
42.68000031,42.66519,Hold,BHP.AX
43.29999924,42.669147,Hold,BHP.AX
43.15999985,42.72754,Hold,BHP.AX
43.65000153,42.769478,Sell,BHP.AX
44.77000046,42.881763,Sell,BHP.AX
44.38999939,43.197,Sell,BHP.AX
43.47999954,43.47903,Hold,BHP.AX
43.74000168,43.542347,Hold,BHP.AX
43.16999817,43.541245,Hold,BHP.AX
43.56000137,43.402733,Hold,BHP.AX
43.40000153,43.29298,Hold,BHP.AX
43.66999817,43.181816,Hold,BHP.AX
43.08000183,43.13795,Hold,BHP.AX
42.70000076,43.03051,Hold,BHP.AX
42.65999985,42.85361,Hold,BHP.AX
41.75999832,42.670723,Buy,BHP.AX
41.63999939,42.36366,Hold,BHP.AX
41.45999908,42.038963,Hold,BHP.AX
41.56000137,41.73158,Hold,BHP.AX
41.18999863,41.50493,Hold,BHP.AX
42.09999847,41.29543,Hold,BHP.AX
42.06999969,41.28949,Hold,BHP.AX
41.54000092,41.374096,Hold,BHP.AX
42.29999924,41.4041,Sell,BHP.AX
42.49000168,41.53789,Sell,BHP.AX
41.97999954,41.72509,Hold,BHP.AX
41.11000061,41.819077,Hold,BHP.AX
41.25999832,41.708317,Hold,BHP.AX
41.02000046,41.54751,Hold,BHP.AX
40.20999908,41.34371,Buy,BHP.AX
40.86000061,41.018543,Hold,BHP.AX
40.63999939,40.80365,Hold,BHP.AX
40.75,40.635387,Hold,BHP.AX
39.61999893,40.541107,Buy,BHP.AX
39.20999908,40.31221,Buy,BHP.AX
40.00999832,39.99938,Hold,BHP.AX
39.72999954,39.83131,Hold,BHP.AX
40.25,39.710068,Hold,BHP.AX
40.88000107,39.723427,Sell,BHP.AX
40.93999863,39.904133,Sell,BHP.AX
40.66999817,40.14626,Hold,BHP.AX
40.84000015,40.335472,Hold,BHP.AX
41.34999847,40.49796,Sell,BHP.AX
40.75999832,40.702606,Hold,BHP.AX
40.52999878,40.78837,Hold,BHP.AX
40.77000046,40.766525,Hold,BHP.AX
40.33000183,40.734455,Hold,BHP.AX
39.63000107,40.62429,Buy,BHP.AX
38.63999939,40.38048,Buy,BHP.AX
38.90999985,39.95296,Buy,BHP.AX
38.45000076,39.556667,Buy,BHP.AX
38.75999832,39.161743,Hold,BHP.AX
38.65999985,38.887592,Hold,BHP.AX
39.34000015,38.70146,Hold,BHP.AX
38.81000137,38.70476,Hold,BHP.AX
39.59999847,38.71431,Sell,BHP.AX
39.54999924,38.862778,Hold,BHP.AX
39.54999924,39.044086,Hold,BHP.AX
39.18999863,39.21472,Hold,BHP.AX
40.18999863,39.29281,Sell,BHP.AX
40.34000015,39.479034,Sell,BHP.AX
39.81000137,39.703743,Hold,BHP.AX
41.11999893,39.82124,Sell,BHP.AX
42.70000076,40.08777,Sell,BHP.AX
43.36000061,40.63774,Sell,BHP.AX
44.74000168,41.337654,Sell,BHP.AX
45.95999908,42.228043,Sell,BHP.AX
44.63999939,43.259747,Sell,BHP.AX
45.06000137,43.930683,Sell,BHP.AX
45.36999893,44.389763,Sell,BHP.AX
44.58000183,44.702415,Hold,BHP.AX
44.86000061,44.73533,Hold,BHP.AX
43.79000092,44.678787,Buy,BHP.AX
43.27999878,44.390675,Buy,BHP.AX
43.90000153,43.963432,Hold,BHP.AX
43.43000031,43.65356,Hold,BHP.AX
43.79999924,43.36601,Hold,BHP.AX
44.00999832,43.21277,Hold,BHP.AX
43.54000092,43.187717,Hold,BHP.AX
42.99000168,43.15182,Hold,BHP.AX
42.06000137,43.0322,Buy,BHP.AX
42.63999939,42.741623,Hold,BHP.AX
42.13999939,42.527435,Hold,BHP.AX
42.43000031,42.295414,Hold,BHP.AX
42.25,42.151497,Hold,BHP.AX
42.38999939,42.043358,Hold,BHP.AX
42.95999908,41.999645,Sell,BHP.AX
256.2799988,259.53302,Hold,CSL.AX
256.8800049,259.08316,Hold,CSL.AX
262.2000122,258.69177,Hold,CSL.AX
262.230011,259.5421,Hold,CSL.AX
262.8599854,260.7746,Hold,CSL.AX
264.1700134,262.06693,Hold,CSL.AX
263.1199951,263.39835,Hold,CSL.AX
267.4700012,264.2167,Hold,CSL.AX
266.4899902,265.60275,Hold,CSL.AX
266.9200134,266.68567,Hold,CSL.AX
267.75,267.49228,Hold,CSL.AX
269.5,268.17508,Hold,CSL.AX
272.3399963,269.0398,Hold,CSL.AX
276.7600098,270.43454,Sell,CSL.AX
278.7399902,272.77585,Sell,CSL.AX
279.519989,275.4446,Hold,CSL.AX
281.0899963,277.79776,Hold,CSL.AX
284.0499878,279.81693,Hold,CSL.AX
282.5100098,281.9132,Hold,CSL.AX
282.1499939,283.07446,Hold,CSL.AX
285.6499939,283.45078,Hold,CSL.AX
286.6499939,284.28333,Hold,CSL.AX
286.6499939,285.3034,Hold,CSL.AX
288.2999878,286.1268,Hold,CSL.AX
284.8099976,287.08603,Hold,CSL.AX
286.730011,286.91196,Hold,CSL.AX
287.9400024,286.85672,Hold,CSL.AX
286.7999878,287.15268,Hold,CSL.AX
290.1000061,287.20737,Hold,CSL.AX
291.8599854,288.03983,Hold,CSL.AX
291.3800049,289.41486,Hold,CSL.AX
290.3999939,290.5103,Hold,CSL.AX
289,290.9393,Hold,CSL.AX
284.6900024,290.60657,Buy,CSL.AX
285.9100037,288.91553,Hold,CSL.AX
282.8099976,287.49075,Hold,CSL.AX
289,285.7217,Hold,CSL.AX
290.519989,285.91925,Hold,CSL.AX
293.3399963,287.2326,Sell,CSL.AX
291.3999939,289.44485,Hold,CSL.AX
293,290.90756,Hold,CSL.AX
293.2600098,292.12546,Hold,CSL.AX
296.7399902,292.9435,Hold,CSL.AX
301.7000122,294.30905,Sell,CSL.AX
296.7600098,296.85242,Hold,CSL.AX
299.7900085,297.68408,Hold,CSL.AX
300.2399902,298.4967,Hold,CSL.AX
301.9599915,299.11893,Hold,CSL.AX
304.9700012,299.95053,Hold,CSL.AX
303.1499939,301.45712,Hold,CSL.AX
305,302.21277,Hold,CSL.AX
290.2399902,303.00812,Buy,CSL.AX
282.25,299.30826,Buy,CSL.AX
280.1900024,293.0564,Buy,CSL.AX
282.8900146,287.1521,Hold,CSL.AX
284,283.63885,Hold,CSL.AX
281.0299988,282.27124,Hold,CSL.AX
282.2799988,281.45325,Hold,CSL.AX
284.269989,281.48495,Hold,CSL.AX
285.019989,282.4017,Hold,CSL.AX
285.3399963,283.6644,Hold,CSL.AX
287.3200073,284.8402,Hold,CSL.AX
285.5,286.18552,Hold,CSL.AX
285.6199951,286.73444,Hold,CSL.AX
286.2399902,286.836,Hold,CSL.AX
282.3500061,286.85498,Hold,CSL.AX
279.480011,285.79013,Buy,CSL.AX
283,283.85437,Hold,CSL.AX
282.2999878,282.96457,Hold,CSL.AX
281.8500061,282.5112,Hold,CSL.AX
285.4700012,282.26324,Hold,CSL.AX
281.2000122,283.10544,Hold,CSL.AX
281.8699951,283.07413,Hold,CSL.AX
280,282.91357,Hold,CSL.AX
282.6700134,282.25415,Hold,CSL.AX
280.2099915,282.24612,Hold,CSL.AX
279.5700073,281.86032,Hold,CSL.AX
279.1700134,281.28415,Hold,CSL.AX
278.8699951,280.6781,Hold,CSL.AX
276.2900085,280.14032,Hold,CSL.AX
280.9400024,279.13193,Hold,CSL.AX
283.6900024,279.3533,Hold,CSL.AX
282.4700012,280.69385,Hold,CSL.AX
286.3500061,281.85965,Hold,CSL.AX
287.9200134,283.67435,Hold,CSL.AX
285.6700134,285.6703,Hold,CSL.AX
282.3099976,286.61084,Hold,CSL.AX
282,285.9976,Hold,CSL.AX
280.0499878,284.83914,Hold,CSL.AX
281.4599915,283.23895,Hold,CSL.AX
280.0799866,282.23297,Hold,CSL.AX
283.3699951,281.36642,Hold,CSL.AX
280.3999939,281.6332,Hold,CSL.AX
281.7000122,281.54196,Hold,CSL.AX
278.5499878,281.7012,Hold,CSL.AX
274.7000122,281.1254,Buy,CSL.AX
272.6199951,279.47247,Buy,CSL.AX
271.3999939,277.3163,Buy,CSL.AX
269.4899902,275.20108,Buy,CSL.AX
275.4700012,273.17303,Hold,CSL.AX
278.9700012,273.09048,Sell,CSL.AX
278.4500122,274.68234,Hold,CSL.AX
273.2999878,276.50623,Hold,CSL.AX
275,276.74683,Hold,CSL.AX
276.7600098,276.7074,Hold,CSL.AX
274.4899902,276.9509,Hold,CSL.AX
275.3900146,276.67548,Hold,CSL.AX
275.7999878,276.4776,Hold,CSL.AX
275.5,276.4423,Hold,CSL.AX
279.5599976,276.40506,Hold,CSL.AX
279.8999939,277.37106,Hold,CSL.AX
277.0499878,278.5859,Hold,CSL.AX
279.1799927,278.90338,Hold,CSL.AX
279.9200134,279.31305,Hold,CSL.AX
279.5799866,279.81403,Hold,CSL.AX
283.0499878,280.13327,Hold,CSL.AX
286.9500122,281.16922,Sell,CSL.AX
280,283.21585,Hold,CSL.AX
277.8999939,283.3481,Hold,CSL.AX
277.6300049,282.18976,Hold,CSL.AX
278.0899963,280.7264,Hold,CSL.AX
282,279.6047,Hold,CSL.AX
280.9200134,279.87045,Hold,CSL.AX
280.6400146,280.36517,Hold,CSL.AX
281.9599915,280.79507,Hold,CSL.AX
278.2000122,281.4352,Hold,CSL.AX
278.3200073,281.04614,Hold,CSL.AX
280.1000061,280.39276,Hold,CSL.AX
281.3399963,280.2243,Hold,CSL.AX
282,280.59357,Hold,CSL.AX
285.8599854,281.2593,Hold,CSL.AX
289.5,282.8691,Sell,CSL.AX
289,285.3905,Hold,CSL.AX
286.2999878,287.48532,Hold,CSL.AX
282.230011,288.12982,Buy,CSL.AX
287.9599915,286.9457,Hold,CSL.AX
289.1000061,286.83435,Hold,CSL.AX
288.7999878,287.40472,Hold,CSL.AX
293.8699951,288.02234,Hold,CSL.AX
293,289.86493,Hold,CSL.AX
290.7399902,291.43704,Hold,CSL.AX
293,291.8709,Hold,CSL.AX
292.0100098,292.35242,Hold,CSL.AX
293.7000122,292.40472,Hold,CSL.AX
294.8800049,292.7327,Hold,CSL.AX
295.1600037,293.37805,Hold,CSL.AX
295.2099915,294.03857,Hold,CSL.AX
292.6000061,294.53458,Hold,CSL.AX
292.0799866,294.1037,Hold,CSL.AX
294.8999939,293.30792,Hold,CSL.AX
297.5,293.3532,Hold,CSL.AX
299.75,294.41058,Hold,CSL.AX
295.5599976,296.20303,Hold,CSL.AX
298.5299988,296.5974,Hold,CSL.AX
297.6600037,297.20825,Hold,CSL.AX
302.0400085,297.4276,Hold,CSL.AX
306.6000061,298.67215,Sell,CSL.AX
308.5599976,301.22745,Sell,CSL.AX
307.8599854,304.09354,Hold,CSL.AX
308.019989,305.98962,Hold,CSL.AX
311.1199951,306.95642,Hold,CSL.AX
311.7000122,308.14972,Hold,CSL.AX
309.1799927,309.15048,Hold,CSL.AX
312.1499939,308.96225,Hold,CSL.AX
310.3900146,309.28992,Hold,CSL.AX
305.5400085,309.10876,Hold,CSL.AX
308.0499878,307.35724,Hold,CSL.AX
311.3299866,306.37164,Hold,CSL.AX
309.2900085,306.92078,Hold,CSL.AX
309.7200012,307.26788,Hold,CSL.AX
310.5899963,307.6297,Hold,CSL.AX
305.6700134,308.15775,Hold,CSL.AX
301.1000061,307.1024,Hold,CSL.AX
302.2999878,304.50146,Hold,CSL.AX
304.4100037,302.5063,Hold,CSL.AX
305.4700012,301.91998,Hold,CSL.AX
308.5299988,302.36334,Hold,CSL.AX
308.9299927,304.0113,Hold,CSL.AX
294.7799988,305.75638,Buy,CSL.AX
300.769989,302.85965,Hold,CSL.AX
301.1199951,300.98288,Hold,CSL.AX
305.3399963,300.00427,Hold,CSL.AX
307.7999878,300.88022,Sell,CSL.AX
308.25,302.93124,Hold,CSL.AX
308.4899902,304.97946,Hold,CSL.AX
308.1000061,306.48535,Hold,CSL.AX
309.519989,307.17883,Hold,CSL.AX
309.3099976,307.74033,Hold,CSL.AX
307.9200134,307.95377,Hold,CSL.AX
307.8999939,307.5228,Hold,CSL.AX
307.9299927,306.96887,Hold,CSL.AX
307.1600037,306.5303,Hold,CSL.AX
305.7399902,306.03876,Hold,CSL.AX
306.0299988,305.27563,Hold,CSL.AX
303.9899902,304.75726,Hold,CSL.AX
303.1000061,303.89804,Hold,CSL.AX
303.9899902,302.95328,Hold,CSL.AX
300.4100037,302.54138,Hold,CSL.AX
301.5100098,301.42587,Hold,CSL.AX
299.8699951,300.75284,Hold,CSL.AX
301.6600037,299.97205,Hold,CSL.AX
300.2600098,299.92697,Hold,CSL.AX
296.6900024,299.77167,Hold,CSL.AX
296,298.63794,Hold,CSL.AX
295.3999939,297.3069,Hold,CSL.AX
294.480011,296.11316,Hold,CSL.AX
293.6400146,295.0667,Hold,CSL.AX
290.0400085,294.16248,Hold,CSL.AX
287.6600037,292.6083,Hold,CSL.AX
286.7099915,290.64377,Hold,CSL.AX
291.1600037,288.83096,Hold,CSL.AX
285.1000061,288.7559,Hold,CSL.AX
286.2799988,287.77408,Hold,CSL.AX
288.2099915,287.0897,Hold,CSL.AX
287.019989,287.2003,Hold,CSL.AX
288.6099854,287.28305,Hold,CSL.AX
288.9299927,287.7737,Hold,CSL.AX
288.7900085,288.36945,Hold,CSL.AX
292.519989,288.80722,Hold,CSL.AX
295,290.0563,Hold,CSL.AX
294.1300049,291.93015,Hold,CSL.AX
295.7799988,293.27972,Hold,CSL.AX
299.3099976,294.4962,Hold,CSL.AX
301.2000122,296.2629,Hold,CSL.AX
299.6000061,298.22903,Hold,CSL.AX
301.7900085,299.21448,Hold,CSL.AX
300.5799866,300.14767,Hold,CSL.AX
303.0299988,300.37946,Hold,CSL.AX
294.1300049,300.96698,Buy,CSL.AX
291.2600098,298.92953,Buy,CSL.AX
293.5700073,295.79886,Hold,CSL.AX
293.6900024,293.781,Hold,CSL.AX
292,292.76843,Hold,CSL.AX
3.75999999,3.8693695,Buy,TLS.AX
3.779999971,3.8559546,Buy,TLS.AX
3.779999971,3.8459606,Hold,TLS.AX
3.819999933,3.838872,Hold,TLS.AX
3.789999962,3.8386695,Hold,TLS.AX
3.789999962,3.8389616,Hold,TLS.AX
3.779999971,3.839719,Hold,TLS.AX
3.849999905,3.839529,Hold,TLS.AX
3.839999914,3.8466127,Hold,TLS.AX
3.839999914,3.8556676,Hold,TLS.AX
3.829999924,3.8650365,Hold,TLS.AX
3.849999905,3.872478,Hold,TLS.AX
3.839999914,3.8802838,Hold,TLS.AX
3.910000086,3.8862252,Hold,TLS.AX
3.920000076,3.8983276,Hold,TLS.AX
3.880000114,3.9134078,Hold,TLS.AX
3.890000105,3.9241407,Hold,TLS.AX
3.960000038,3.9325876,Hold,TLS.AX
3.970000029,3.9465182,Hold,TLS.AX
3.960000038,3.9627964,Hold,TLS.AX
3.940000057,3.97756,Hold,TLS.AX
3.960000038,3.9876907,Hold,TLS.AX
3.960000038,3.99641,Hold,TLS.AX
3.970000029,4.003198,Hold,TLS.AX
3.930000067,4.0092716,Buy,TLS.AX
3.910000086,4.0097213,Buy,TLS.AX
3.890000105,4.004933,Buy,TLS.AX
3.880000114,3.9954946,Buy,TLS.AX
3.910000086,3.983373,Hold,TLS.AX
3.900000095,3.974382,Hold,TLS.AX
3.920000076,3.9668307,Hold,TLS.AX
3.910000086,3.9632602,Hold,TLS.AX
3.980000019,3.9611225,Hold,TLS.AX
3.980000019,3.9679587,Hold,TLS.AX
3.970000029,3.9787755,Hold,TLS.AX
3.950000048,3.9896698,Hold,TLS.AX
3.970000029,3.9972496,Hold,TLS.AX
4,4.00445,Hold,TLS.AX
3.99000001,4.013843,Hold,TLS.AX
4,4.0221634,Hold,TLS.AX
4,4.030197,Hold,TLS.AX
4,4.0371184,Hold,TLS.AX
4.019999981,4.0426574,Hold,TLS.AX
4.039999962,4.049051,Hold,TLS.AX
4.03000021,4.057347,Hold,TLS.AX
4.079999924,4.064585,Hold,TLS.AX
4.039999962,4.0761676,Hold,TLS.AX
4.03000021,4.0840807,Hold,TLS.AX
3.99000001,4.0882525,Buy,TLS.AX
3.99000001,4.085348,Buy,TLS.AX
3.980000019,4.0789766,Buy,TLS.AX
3.980000019,4.070121,Buy,TLS.AX
3.970000029,4.060863,Buy,TLS.AX
3.99000001,4.0512443,Hold,TLS.AX
3.900000095,4.0447774,Buy,TLS.AX
3.859999895,4.0305896,Buy,TLS.AX
3.900000095,4.0097027,Buy,TLS.AX
3.940000057,3.9918134,Hold,TLS.AX
3.890000105,3.981674,Buy,TLS.AX
3.880000114,3.9712992,Buy,TLS.AX
3.880000114,3.9611921,Buy,TLS.AX
3.869999886,3.9523385,Buy,TLS.AX
3.839999914,3.9440184,Buy,TLS.AX
3.799999952,3.933618,Buy,TLS.AX
3.819999933,3.9188647,Buy,TLS.AX
3.809999943,3.9055934,Buy,TLS.AX
3.809999943,3.8933094,Buy,TLS.AX
3.799999952,3.8829908,Buy,TLS.AX
3.799999952,3.8738084,Hold,TLS.AX
3.789999962,3.8663316,Buy,TLS.AX
3.829999924,3.8595312,Hold,TLS.AX
3.809999943,3.8583393,Hold,TLS.AX
3.789999962,3.8580883,Hold,TLS.AX
3.779999971,3.8563592,Buy,TLS.AX
3.789999962,3.8529508,Hold,TLS.AX
3.829999924,3.8500683,Hold,TLS.AX
3.819999933,3.8521628,Hold,TLS.AX
3.779999971,3.855617,Buy,TLS.AX
3.769999981,3.8551726,Buy,TLS.AX
3.789999962,3.851634,Hold,TLS.AX
3.75999999,3.8488972,Buy,TLS.AX
3.75999999,3.8434715,Buy,TLS.AX
3.75999999,3.8372538,Buy,TLS.AX
3.779999971,3.8312128,Hold,TLS.AX
3.859999895,3.8281262,Hold,TLS.AX
3.819999933,3.8358495,Hold,TLS.AX
3.829999924,3.8442087,Hold,TLS.AX
3.839999914,3.8534672,Hold,TLS.AX
3.829999924,3.8632784,Hold,TLS.AX
3.809999943,3.8711853,Hold,TLS.AX
3.789999962,3.8749783,Buy,TLS.AX
3.809999943,3.8738625,Hold,TLS.AX
3.799999952,3.872325,Hold,TLS.AX
3.75999999,3.869459,Buy,TLS.AX
3.710000038,3.861782,Buy,TLS.AX
3.680000067,3.846842,Buy,TLS.AX
3.680000067,3.8262038,Buy,TLS.AX
3.670000076,3.8045225,Buy,TLS.AX
3.650000095,3.783369,Buy,TLS.AX
3.700000048,3.7626054,Hold,TLS.AX
3.690000057,3.7498124,Hold,TLS.AX
3.670000076,3.741673,Hold,TLS.AX
3.640000105,3.735026,Buy,TLS.AX
3.660000086,3.7267573,Hold,TLS.AX
3.670000076,3.720703,Hold,TLS.AX
3.640000105,3.7175417,Buy,TLS.AX
3.589999914,3.7130961,Buy,TLS.AX
3.579999924,3.7030632,Buy,TLS.AX
3.589999914,3.6899204,Buy,TLS.AX
3.640000105,3.677405,Hold,TLS.AX
3.650000095,3.6719537,Hold,TLS.AX
3.640000105,3.6721375,Hold,TLS.AX
3.660000086,3.6745539,Hold,TLS.AX
3.670000076,3.680285,Hold,TLS.AX
3.650000095,3.6883664,Hold,TLS.AX
3.670000076,3.6947598,Hold,TLS.AX
3.690000057,3.7017767,Hold,TLS.AX
3.670000076,3.7105098,Hold,TLS.AX
3.670000076,3.7170663,Hold,TLS.AX
3.569999933,3.7217748,Buy,TLS.AX
3.420000076,3.7139611,Buy,TLS.AX
3.460000038,3.6838572,Buy,TLS.AX
3.450000048,3.648725,Buy,TLS.AX
3.529999971,3.6128244,Buy,TLS.AX
3.50999999,3.588804,Buy,TLS.AX
3.440000057,3.5718586,Buy,TLS.AX
3.440000057,3.5534983,Buy,TLS.AX
3.470000029,3.536419,Hold,TLS.AX
3.470000029,3.5249796,Hold,TLS.AX
3.480000019,3.5179412,Hold,TLS.AX
3.529999971,3.5153315,Hold,TLS.AX
3.549999952,3.5209713,Hold,TLS.AX
3.559999943,3.53295,Hold,TLS.AX
3.519999981,3.548511,Hold,TLS.AX
3.519999981,3.5602317,Hold,TLS.AX
3.529999971,3.5685987,Hold,TLS.AX
3.5,3.5751657,Buy,TLS.AX
3.549999952,3.5767179,Hold,TLS.AX
3.599999905,3.5806808,Hold,TLS.AX
3.599999905,3.5909047,Hold,TLS.AX
3.609999895,3.6036534,Hold,TLS.AX
3.660000086,3.617711,Hold,TLS.AX
3.619999886,3.6364949,Hold,TLS.AX
3.630000114,3.6515315,Hold,TLS.AX
3.619999886,3.6640637,Hold,TLS.AX
3.609999895,3.6726336,Hold,TLS.AX
3.619999886,3.6769211,Hold,TLS.AX
3.609999895,3.679366,Hold,TLS.AX
3.609999895,3.6793292,Hold,TLS.AX
3.619999886,3.6778898,Hold,TLS.AX
3.670000076,3.6768591,Hold,TLS.AX
3.700000048,3.6815906,Hold,TLS.AX
3.650000095,3.6922963,Hold,TLS.AX
3.730000019,3.6998181,Hold,TLS.AX
3.819999933,3.7136958,Sell,TLS.AX
3.819999933,3.739357,Sell,TLS.AX
3.819999933,3.768846,Hold,TLS.AX
3.839999914,3.7974918,Hold,TLS.AX
3.829999924,3.8247828,Hold,TLS.AX
3.880000114,3.8471067,Hold,TLS.AX
3.880000114,3.8697662,Hold,TLS.AX
3.880000114,3.8898807,Hold,TLS.AX
3.859999895,3.9063945,Hold,TLS.AX
3.880000114,3.916815,Hold,TLS.AX
3.900000095,3.9249332,Hold,TLS.AX
3.839999914,3.9329224,Buy,TLS.AX
3.849999905,3.9331725,Buy,TLS.AX
3.890000105,3.930432,Hold,TLS.AX
3.900000095,3.9305668,Hold,TLS.AX
3.940000057,3.9332066,Hold,TLS.AX
3.950000048,3.9414606,Hold,TLS.AX
3.920000076,3.9529552,Hold,TLS.AX
3.809999943,3.9616933,Buy,TLS.AX
3.799999952,3.9558108,Buy,TLS.AX
3.849999905,3.9416819,Buy,TLS.AX
3.829999924,3.9297445,Buy,TLS.AX
3.839999914,3.9177608,Buy,TLS.AX
3.869999886,3.908328,Hold,TLS.AX
3.869999886,3.9046507,Hold,TLS.AX
3.869999886,3.9045408,Hold,TLS.AX
3.950000048,3.9065495,Hold,TLS.AX
3.960000038,3.918498,Hold,TLS.AX
3.960000038,3.9355524,Hold,TLS.AX
3.970000029,3.9537356,Hold,TLS.AX
3.970000029,3.971733,Hold,TLS.AX
3.980000019,3.9875898,Hold,TLS.AX
4.03000021,4.001609,Hold,TLS.AX
4.019999981,4.018596,Hold,TLS.AX
4,4.0339804,Hold,TLS.AX
3.900000095,4.044646,Buy,TLS.AX
3.910000086,4.0403533,Buy,TLS.AX
3.930000067,4.029755,Buy,TLS.AX
3.930000067,4.0186944,Buy,TLS.AX
3.950000048,4.0084057,Hold,TLS.AX
3.920000076,4.0019445,Buy,TLS.AX
3.910000086,3.9949126,Buy,TLS.AX
3.930000067,3.9874284,Hold,TLS.AX
3.920000076,3.9827518,Hold,TLS.AX
3.950000048,3.978919,Hold,TLS.AX
3.950000048,3.9794219,Hold,TLS.AX
3.960000038,3.982161,Hold,TLS.AX
3.960000038,3.9870455,Hold,TLS.AX
4.010000229,3.992573,Hold,TLS.AX
4.019999981,4.003492,Hold,TLS.AX
4.03000021,4.0171156,Hold,TLS.AX
4.010000229,4.031929,Hold,TLS.AX
3.970000029,4.0435038,Hold,TLS.AX
3.940000057,4.0476065,Buy,TLS.AX
3.920000076,4.0438657,Buy,TLS.AX
3.910000086,4.033942,Buy,TLS.AX
3.950000048,4.0205135,Hold,TLS.AX
3.920000076,4.011025,Buy,TLS.AX
3.880000114,4.0011907,Buy,TLS.AX
3.900000095,3.9880226,Buy,TLS.AX
3.900000095,3.9768264,Hold,TLS.AX
3.880000114,3.967777,Buy,TLS.AX
3.859999895,3.9587238,Buy,TLS.AX
3.859999895,3.948546,Buy,TLS.AX
3.829999924,3.9389102,Buy,TLS.AX
3.880000114,3.9272504,Hold,TLS.AX
3.869999886,3.9214058,Hold,TLS.AX
3.859999895,3.9180982,Hold,TLS.AX
3.869999886,3.9156244,Hold,TLS.AX
3.890000105,3.9150763,Hold,TLS.AX
3.869999886,3.917858,Hold,TLS.AX
3.920000076,3.9199297,Hold,TLS.AX
3.910000086,3.927095,Hold,TLS.AX
3.859999895,3.9349978,Hold,TLS.AX
3.839999914,3.9370136,Buy,TLS.AX
3.859999895,3.9334977,Hold,TLS.AX
3.890000105,3.9294505,Hold,TLS.AX
3.869999886,3.9287112,Hold,TLS.AX
3.869999886,3.9275806,Hold,TLS.AX
34.20000076,34.793385,Hold,WOW.AX
34.49000168,34.649715,Hold,WOW.AX
34.27999878,34.595818,Hold,WOW.AX
34.90000153,34.558178,Hold,WOW.AX
34.56000137,34.64911,Hold,WOW.AX
34.84999847,34.725094,Hold,WOW.AX
35.00999832,34.83618,Hold,WOW.AX
35.66999817,34.972874,Hold,WOW.AX
35.84999847,35.22021,Hold,WOW.AX
35.77000046,35.50984,Hold,WOW.AX
36.04999924,35.752876,Hold,WOW.AX
36.70999908,35.982433,Hold,WOW.AX
36.45000076,36.288303,Hold,WOW.AX
36.61999893,36.51795,Hold,WOW.AX
36.65999985,36.702847,Hold,WOW.AX
36.40000153,36.835262,Hold,WOW.AX
36.50999832,36.863274,Hold,WOW.AX
36.79999924,36.858006,Hold,WOW.AX
36.66999817,36.89193,Hold,WOW.AX
36.54999924,36.909325,Hold,WOW.AX
36.86999893,36.89348,Hold,WOW.AX
37.18999863,36.929016,Hold,WOW.AX
37.20000076,37.043613,Hold,WOW.AX
37.50999832,37.17526,Hold,WOW.AX
37.45000076,37.354317,Hold,WOW.AX
37.06999969,37.506947,Hold,WOW.AX
36.97999954,37.540424,Hold,WOW.AX
36.72000122,37.49488,Buy,WOW.AX
37.09000015,37.366333,Hold,WOW.AX
36.79000092,37.298077,Hold,WOW.AX
36.77000046,37.206654,Hold,WOW.AX
36.22000122,37.12185,Buy,WOW.AX
36.27999878,36.947742,Hold,WOW.AX
35.65999985,36.781452,Buy,WOW.AX
35.63999939,36.52852,Buy,WOW.AX
35.52999878,36.283684,Buy,WOW.AX
35.66999817,36.06664,Hold,WOW.AX
36.15000153,35.93106,Hold,WOW.AX
36.41999817,35.95153,Hold,WOW.AX
36.18999863,36.096325,Hold,WOW.AX
36.20000076,36.232624,Hold,WOW.AX
36.18999863,36.345013,Hold,WOW.AX
35.91999817,36.4222,Hold,WOW.AX
36.00999832,36.41426,Hold,WOW.AX
35.79000092,36.384876,Hold,WOW.AX
36.43999863,36.305428,Hold,WOW.AX
36.06999969,36.343033,Hold,WOW.AX
36,36.353176,Hold,WOW.AX
35.72000122,36.339188,Hold,WOW.AX
35.50999832,36.262127,Buy,WOW.AX
35.45000076,36.130363,Hold,WOW.AX
35.22999954,35.98568,Buy,WOW.AX
35.15000153,35.81958,Hold,WOW.AX
35.47999954,35.660103,Hold,WOW.AX
35.95000076,35.5949,Hold,WOW.AX
35.97999954,35.67497,Hold,WOW.AX
35.70000076,35.817665,Hold,WOW.AX
35.86999893,35.914074,Hold,WOW.AX
33.5,36.005257,Buy,WOW.AX
32.90000153,35.629223,Buy,WOW.AX
32.77999878,35.01176,Buy,WOW.AX
32.88999939,34.365997,Buy,WOW.AX
33.20000076,33.832973,Hold,WOW.AX
32.63999939,33.49616,Buy,WOW.AX
32.61999893,33.222675,Hold,WOW.AX
32.97000122,33.027412,Hold,WOW.AX
32.68000031,32.962627,Hold,WOW.AX
32.56999969,32.927982,Hold,WOW.AX
32.29999924,32.897892,Hold,WOW.AX
32.38999939,32.830715,Hold,WOW.AX
32.93000031,32.77025,Hold,WOW.AX
32.75,32.810883,Hold,WOW.AX
32.43999863,32.86638,Hold,WOW.AX
32.34999847,32.869892,Hold,WOW.AX
32.65000153,32.831516,Hold,WOW.AX
32.65000153,32.826546,Hold,WOW.AX
32.49000168,32.838463,Hold,WOW.AX
32.06999969,32.83089,Buy,WOW.AX
31.72999954,32.74598,Buy,WOW.AX
32.09000015,32.580967,Hold,WOW.AX
32.31999969,32.45926,Hold,WOW.AX
32.38999939,32.415264,Hold,WOW.AX
32.38999939,32.43033,Hold,WOW.AX
33.00999832,32.47438,Hold,WOW.AX
33.16999817,32.62851,Hold,WOW.AX
32.93999863,32.84167,Hold,WOW.AX
32.65000153,33.012566,Hold,WOW.AX
32.56999969,33.085114,Hold,WOW.AX
32.47000122,33.08179,Hold,WOW.AX
32.38000107,33.02279,Hold,WOW.AX
32.29999924,32.929832,Hold,WOW.AX
32.24000168,32.821526,Hold,WOW.AX
32.59000015,32.713333,Hold,WOW.AX
32.22000122,32.67994,Hold,WOW.AX
32.25,32.629993,Hold,WOW.AX
31.87999916,32.58584,Buy,WOW.AX
31.79999924,32.491905,Buy,WOW.AX
31.75,32.375328,Hold,WOW.AX
31.39999962,32.25754,Buy,WOW.AX
31.86000061,32.102676,Hold,WOW.AX
31.95000076,32.02565,Hold,WOW.AX
32.06999969,32.01514,Hold,WOW.AX
31.59000015,32.060753,Hold,WOW.AX
31.84000015,32.052532,Hold,WOW.AX
31.89999962,32.057495,Hold,WOW.AX
31.81999969,32.077343,Hold,WOW.AX
30.5,32.08902,Buy,WOW.AX
30.59000015,31.88776,Buy,WOW.AX
30.48999977,31.62409,Buy,WOW.AX
30.90999985,31.352772,Hold,WOW.AX
30.90999985,31.181421,Hold,WOW.AX
30.78000069,31.089233,Hold,WOW.AX
30.71999931,31.034056,Hold,WOW.AX
31.02000046,30.997873,Hold,WOW.AX
31.12999916,31.021996,Hold,WOW.AX
31.30999947,31.091421,Hold,WOW.AX
31.85000038,31.201977,Sell,WOW.AX
31.64999962,31.401169,Hold,WOW.AX
31.37000084,31.586088,Hold,WOW.AX
31.42000008,31.690445,Hold,WOW.AX
31.32999992,31.74341,Hold,WOW.AX
31.51000023,31.746479,Hold,WOW.AX
31.07999992,31.750835,Buy,WOW.AX
31.45999908,31.688217,Hold,WOW.AX
31.54000092,31.659485,Hold,WOW.AX
31.12999916,31.665287,Hold,WOW.AX
30.97999954,31.625223,Buy,WOW.AX
31.60000038,31.544666,Hold,WOW.AX
31.5,31.550499,Hold,WOW.AX
31.48999977,31.585762,Hold,WOW.AX
31.98999977,31.63011,Hold,WOW.AX
32.20000076,31.750795,Hold,WOW.AX
32.43999863,31.926683,Hold,WOW.AX
32.38999939,32.14318,Hold,WOW.AX
32.47999954,32.3386,Hold,WOW.AX
32.5,32.50633,Hold,WOW.AX
32.59000015,32.6353,Hold,WOW.AX
32.84999847,32.737713,Hold,WOW.AX
33.04999924,32.85238,Hold,WOW.AX
33.09000015,32.98757,Hold,WOW.AX
33,33.117817,Hold,WOW.AX
33.63000107,33.20894,Hold,WOW.AX
33.43000031,33.372204,Hold,WOW.AX
33.99000168,33.509377,Hold,WOW.AX
33.93000031,33.70848,Hold,WOW.AX
33.88000107,33.89347,Hold,WOW.AX
33.79000092,34.031704,Hold,WOW.AX
33.56999969,34.10652,Hold,WOW.AX
33.29999924,34.09756,Buy,WOW.AX
33.41999817,34.001278,Hold,WOW.AX
33.59999847,33.89864,Hold,WOW.AX
33.79000092,33.84001,Hold,WOW.AX
33.74000168,33.846127,Hold,WOW.AX
33.93999863,33.875725,Hold,WOW.AX
33.99000168,33.948288,Hold,WOW.AX
34.29999924,34.03887,Hold,WOW.AX
34.16999817,34.17826,Hold,WOW.AX
34.34999847,34.29439,Hold,WOW.AX
34.54000092,34.41173,Hold,WOW.AX
35,34.542233,Hold,WOW.AX
35.15000153,34.739204,Hold,WOW.AX
35.06000137,34.960773,Hold,WOW.AX
35.15000153,35.13857,Hold,WOW.AX
34.90000153,35.279797,Hold,WOW.AX
34.61999893,35.32926,Buy,WOW.AX
34.45000076,35.27326,Buy,WOW.AX
34.20999908,35.144516,Buy,WOW.AX
34.45000076,34.959045,Hold,WOW.AX
34.38000107,34.822083,Hold,WOW.AX
34.5,34.718967,Hold,WOW.AX
34.83000183,34.67381,Hold,WOW.AX
34.29999924,34.72546,Hold,WOW.AX
33.31000137,34.720493,Buy,WOW.AX
33.63000107,34.51595,Buy,WOW.AX
33.63000107,34.309135,Buy,WOW.AX
33.81000137,34.132763,Hold,WOW.AX
33.93000031,34.03317,Hold,WOW.AX
33.81000137,34.010178,Hold,WOW.AX
33.75,34.009724,Hold,WOW.AX
34.08000183,34.0117,Hold,WOW.AX
34.29999924,34.072754,Hold,WOW.AX
34.77999878,34.191006,Hold,WOW.AX
34.88999939,34.403767,Hold,WOW.AX
34.95000076,34.646484,Hold,WOW.AX
35.36999893,34.873108,Hold,WOW.AX
35.52000046,35.12892,Hold,WOW.AX
35.90999985,35.378925,Hold,WOW.AX
35.84000015,35.65394,Hold,WOW.AX
35.45999908,35.874775,Hold,WOW.AX
36.61999893,35.95521,Hold,WOW.AX
35.72999954,36.17667,Hold,WOW.AX
35.68000031,36.242657,Hold,WOW.AX
35.81999969,36.219337,Hold,WOW.AX
34.83000183,36.181454,Buy,WOW.AX
34.31999969,35.952717,Buy,WOW.AX
34.34999847,35.587597,Buy,WOW.AX
34.63999939,35.22961,Hold,WOW.AX
34.63999939,34.9891,Hold,WOW.AX
34.63000107,34.84829,Hold,WOW.AX
34.61999893,34.78277,Hold,WOW.AX
34.45999908,34.766872,Hold,WOW.AX
34.70999908,34.75136,Hold,WOW.AX
35.11999893,34.785664,Hold,WOW.AX
35.06999969,34.912636,Hold,WOW.AX
35.18000031,35.05332,Hold,WOW.AX
35.24000168,35.197514,Hold,WOW.AX
34.97999954,35.327988,Hold,WOW.AX
33.79000092,35.37873,Buy,WOW.AX
32.79999924,35.162952,Buy,WOW.AX
32.97999954,34.68767,Buy,WOW.AX
33.34999847,34.204044,Buy,WOW.AX
33.43000031,33.857037,Hold,WOW.AX
33.29999924,33.64913,Hold,WOW.AX
33.47000122,33.526585,Hold,WOW.AX
32.97000122,33.499306,Hold,WOW.AX
33.00999832,33.44115,Hold,WOW.AX
32.97999954,33.38615,Hold,WOW.AX
32.99000168,33.336273,Hold,WOW.AX
32.88999939,33.298912,Hold,WOW.AX
33.29999924,33.257175,Hold,WOW.AX
33.22000122,33.289303,Hold,WOW.AX
33.06000137,33.33929,Hold,WOW.AX
33,33.363667,Hold,WOW.AX
32.95000076,33.361004,Hold,WOW.AX
32.52000046,33.336174,Buy,WOW.AX
32.59999847,33.231743,Hold,WOW.AX
32.70000076,33.118397,Hold,WOW.AX
32.81000137,33.03472,Hold,WOW.AX
32.54000092,32.99797,Hold,WOW.AX
33.04999924,32.94681,Hold,WOW.AX
33.22999954,32.982193,Hold,WOW.AX
32.68999863,33.085674,Hold,WOW.AX
32.74000168,33.116932,Hold,WOW.AX
15.64000034,14.921073,Sell,QBE.AX
15.64999962,15.060527,Sell,QBE.AX
15.17000008,15.210988,Hold,QBE.AX
15.36999989,15.249848,Hold,QBE.AX
15.32999992,15.258198,Hold,QBE.AX
14.84000015,15.236054,Buy,QBE.AX
14.77000046,15.113377,Buy,QBE.AX
15.06000042,14.951656,Hold,QBE.AX
14.64000034,14.851068,Hold,QBE.AX
14.52000046,14.727769,Hold,QBE.AX
14.48999977,14.600528,Hold,QBE.AX
14.46000004,14.491952,Hold,QBE.AX
14.44999981,14.410339,Hold,QBE.AX
14.06999969,14.358671,Buy,QBE.AX
14.19999981,14.268196,Hold,QBE.AX
14.10999966,14.199006,Hold,QBE.AX
14.65999985,14.137295,Sell,QBE.AX
14.68000031,14.187207,Sell,QBE.AX
14.71000004,14.288898,Sell,QBE.AX
14.64999962,14.405018,Hold,QBE.AX
14.59000015,14.494185,Hold,QBE.AX
14.72999954,14.538549,Hold,QBE.AX
14.81000042,14.5719595,Hold,QBE.AX
14.68999958,14.603516,Hold,QBE.AX
14.78999996,14.604729,Hold,QBE.AX
14.73999977,14.606556,Hold,QBE.AX
15.03999996,14.597768,Sell,QBE.AX
15.09000015,14.638006,Sell,QBE.AX
15.07999992,14.703979,Sell,QBE.AX
14.96000004,14.769832,Hold,QBE.AX
14.93999958,14.80159,Hold,QBE.AX
14.96000004,14.805598,Hold,QBE.AX
15.03999996,14.796939,Hold,QBE.AX
15.06000042,14.79719,Hold,QBE.AX
15.14999962,14.805799,Sell,QBE.AX
15.22999954,14.834091,Sell,QBE.AX
15.31000042,14.882014,Sell,QBE.AX
15.61999989,14.94578,Sell,QBE.AX
15.71000004,15.061338,Sell,QBE.AX
15.57999992,15.196593,Sell,QBE.AX
15.78999996,15.291858,Sell,QBE.AX
15.77000046,15.385111,Sell,QBE.AX
15.43000031,15.452049,Hold,QBE.AX
15.85000038,15.429586,Sell,QBE.AX
16.02000046,15.442047,Sell,QBE.AX
16.18000031,15.497685,Sell,QBE.AX
16.15999985,15.59527,Sell,QBE.AX
16.11000061,15.6924925,Sell,QBE.AX
16.39999962,15.761892,Sell,QBE.AX
16.53000069,15.85625,Sell,QBE.AX
16.52000046,15.966284,Sell,QBE.AX
16.63999939,16.060112,Sell,QBE.AX
16.65999985,16.14893,Sell,QBE.AX
16.45999908,16.219378,Hold,QBE.AX
16.38999939,16.22842,Hold,QBE.AX
16.11000061,16.192217,Hold,QBE.AX
16.70999908,16.088587,Sell,QBE.AX
17.11000061,16.084656,Sell,QBE.AX
16.80999947,16.20527,Sell,QBE.AX
16.70999908,16.312334,Sell,QBE.AX
16.85000038,16.377197,Sell,QBE.AX
16.95000076,16.433016,Sell,QBE.AX
17.02000046,16.489222,Sell,QBE.AX
17.20000076,16.546398,Sell,QBE.AX
17.29000092,16.625862,Sell,QBE.AX
17.31999969,16.716173,Sell,QBE.AX
17.23999977,16.798643,Sell,QBE.AX
17.21999931,16.844263,Sell,QBE.AX
16.86000061,16.857653,Hold,QBE.AX
16.95000076,16.783163,Hold,QBE.AX
17.09000015,16.699022,Sell,QBE.AX
17.07999992,16.65267,Sell,QBE.AX
17.29999924,16.634806,Sell,QBE.AX
17.43000031,16.680208,Sell,QBE.AX
17.34000015,16.774326,Sell,QBE.AX
17.55999947,16.858204,Sell,QBE.AX
17.59000015,16.962599,Sell,QBE.AX
17.37999916,17.058481,Hold,QBE.AX
17.43000031,17.088726,Hold,QBE.AX
17.68000031,17.088799,Sell,QBE.AX
17.87000084,17.118444,Sell,QBE.AX
17.85000038,17.190731,Sell,QBE.AX
17.89999962,17.265184,Sell,QBE.AX
18.11000061,17.335526,Sell,QBE.AX
18.12999916,17.42836,Sell,QBE.AX
18.04000092,17.514275,Sell,QBE.AX
18.20000076,17.560568,Sell,QBE.AX
18.13999939,17.607782,Sell,QBE.AX
17.97999954,17.631157,Hold,QBE.AX
17.88999939,17.607355,Hold,QBE.AX
17.88999939,17.549053,Hold,QBE.AX
17.54999924,17.486849,Hold,QBE.AX
17.80999947,17.372215,Sell,QBE.AX
17.80999947,17.31049,Sell,QBE.AX
17.60000038,17.28824,Hold,QBE.AX
17.29000092,17.254839,Hold,QBE.AX
17.53000069,17.168571,Sell,QBE.AX
17.47999954,17.122839,Sell,QBE.AX
17.34000015,17.096134,Hold,QBE.AX
17.43000031,17.060915,Sell,QBE.AX
17.60000038,17.048075,Sell,QBE.AX
17.79000092,17.080982,Sell,QBE.AX
17.70999908,17.165716,Sell,QBE.AX
17.72999954,17.242432,Sell,QBE.AX
17.72999954,17.302555,Sell,QBE.AX
17.52000046,17.33864,Hold,QBE.AX
17.44000053,17.311926,Hold,QBE.AX
17.32999992,17.243212,Hold,QBE.AX
17.19000053,17.145195,Hold,QBE.AX
17.35000038,17.026678,Hold,QBE.AX
17.48999977,16.954397,Sell,QBE.AX
17.59000015,16.947353,Sell,QBE.AX
17.61000061,16.995955,Sell,QBE.AX
17.59000015,17.06829,Sell,QBE.AX
17.36000061,17.13446,Hold,QBE.AX
17.62000084,17.13902,Sell,QBE.AX
17.79999924,17.160864,Sell,QBE.AX
17.53000069,17.216658,Hold,QBE.AX
17.68000031,17.22453,Sell,QBE.AX
17.67000008,17.237032,Sell,QBE.AX
17.86000061,17.244106,Sell,QBE.AX
18.04999924,17.283058,Sell,QBE.AX
17.78000069,17.364643,Sell,QBE.AX
17.78000069,17.397425,Sell,QBE.AX
17.72999954,17.400835,Hold,QBE.AX
17.46999931,17.377094,Hold,QBE.AX
17.48999977,17.294626,Hold,QBE.AX
17.79999924,17.205933,Sell,QBE.AX
18.26000023,17.191721,Sell,QBE.AX
18.01000023,17.306248,Sell,QBE.AX
18.07999992,17.413836,Sell,QBE.AX
18.40999985,17.513288,Sell,QBE.AX
18.57999992,17.648952,Sell,QBE.AX
18.36000061,17.80213,Sell,QBE.AX
18.31999969,17.885183,Sell,QBE.AX
18.34000015,17.906862,Sell,QBE.AX
18.30999947,17.89353,Sell,QBE.AX
18.22999954,17.857304,Sell,QBE.AX
18.37000084,17.801888,Sell,QBE.AX
17.59000015,17.777544,Hold,QBE.AX
17.64999962,17.623993,Hold,QBE.AX
18.04999924,17.460102,Sell,QBE.AX
17.56999969,17.401495,Hold,QBE.AX
17.80999947,17.317272,Sell,QBE.AX
17.47999954,17.293707,Hold,QBE.AX
17.23999977,17.242714,Hold,QBE.AX
17.38999939,17.14869,Hold,QBE.AX
17.05999947,17.083185,Hold,QBE.AX
17,16.982275,Hold,QBE.AX
16.81999969,16.877321,Hold,QBE.AX
16.94000053,16.758673,Hold,QBE.AX
17.04000092,16.68194,Sell,QBE.AX
16.77000046,16.66065,Hold,QBE.AX
16.93000031,16.622145,Hold,QBE.AX
17.12000084,16.61522,Sell,QBE.AX
17.30999947,16.65878,Sell,QBE.AX
16.95999908,16.753002,Hold,QBE.AX
17.12000084,16.785088,Hold,QBE.AX
17.03000069,16.80942,Hold,QBE.AX
17.01000023,16.802027,Hold,QBE.AX
16.94000053,16.774334,Hold,QBE.AX
16.96999931,16.726616,Hold,QBE.AX
16.79000092,16.683283,Hold,QBE.AX
16.87999916,16.616447,Hold,QBE.AX
16.95000076,16.569723,Sell,QBE.AX
16.88999939,16.555294,Hold,QBE.AX
17.30999947,16.549782,Sell,QBE.AX
17.59000015,16.630396,Sell,QBE.AX
17.64999962,16.789057,Sell,QBE.AX
18.07999992,16.965412,Sell,QBE.AX
17.90999985,17.195335,Sell,QBE.AX
17.35000038,17.364664,Hold,QBE.AX
16.48999977,17.357529,Buy,QBE.AX
16.31999969,17.09975,Buy,QBE.AX
16.37000084,16.741125,Buy,QBE.AX
16.32999992,16.412735,Hold,QBE.AX
16.04999924,16.162062,Hold,QBE.AX
16.19000053,15.958646,Hold,QBE.AX
16.19000053,15.855599,Sell,QBE.AX
16.18000031,15.830059,Sell,QBE.AX
16.14999962,15.853313,Hold,QBE.AX
16.30999947,15.894413,Sell,QBE.AX
16.27000046,15.966302,Hold,QBE.AX
16.32999992,16.029673,Hold,QBE.AX
16.06999969,16.084904,Hold,QBE.AX
15.93000031,16.072798,Hold,QBE.AX
16.07999992,16.00085,Hold,QBE.AX
15.93000031,15.936773,Hold,QBE.AX
15.68999958,15.858518,Hold,QBE.AX
15.80000019,15.745426,Hold,QBE.AX
15.69999981,15.657664,Hold,QBE.AX
15.78999996,15.58118,Hold,QBE.AX
15.93000031,15.5437,Sell,QBE.AX
16.05999947,15.559527,Sell,QBE.AX
16.25,15.623873,Sell,QBE.AX
16.04999924,15.735327,Hold,QBE.AX
16.29000092,15.810627,Sell,QBE.AX
16.21999931,15.895834,Hold,QBE.AX
16.46999931,15.951307,Sell,QBE.AX
16.42000008,16.024725,Sell,QBE.AX
16.54999924,16.079239,Sell,QBE.AX
16.61000061,16.13612,Sell,QBE.AX
16.67000008,16.191225,Sell,QBE.AX
16.71999931,16.244038,Sell,QBE.AX
16.70999908,16.293066,Sell,QBE.AX
16.52000046,16.327415,Hold,QBE.AX
16.68000031,16.311588,Sell,QBE.AX
16.67000008,16.304098,Sell,QBE.AX
16.62999916,16.29922,Hold,QBE.AX
16.36000061,16.290854,Hold,QBE.AX
16.44000053,16.234022,Hold,QBE.AX
16.38999939,16.181736,Hold,QBE.AX
16.54000092,16.133217,Sell,QBE.AX
16.28000069,16.1266,Hold,QBE.AX
16.38999939,16.095879,Hold,QBE.AX
16.34000015,16.083124,Hold,QBE.AX
16.36000061,16.072628,Hold,QBE.AX
16.46999931,16.070534,Sell,QBE.AX
16.06999969,16.093838,Hold,QBE.AX
16.07999992,16.051336,Hold,QBE.AX
16.47999954,15.98818,Sell,QBE.AX
16.62000084,15.998938,Sell,QBE.AX
16.80999947,16.069355,Sell,QBE.AX
16.87999916,16.192837,Sell,QBE.AX
16.71999931,16.330904,Sell,QBE.AX
17.13999939,16.416733,Sell,QBE.AX
17.29000092,16.535477,Sell,QBE.AX
17.5,16.668575,Sell,QBE.AX
17.15999985,16.818916,Hold,QBE.AX
17.09000015,16.878544,Hold,QBE.AX
17.19000053,16.866734,Hold,QBE.AX
17.22999954,16.836975,Sell,QBE.AX
17.20999908,16.809715,Sell,QBE.AX
125.1900024,123.89001,Hold,RIO.AX
124.8799973,123.122444,Hold,RIO.AX
124.5800018,122.31498,Hold,RIO.AX
125.0400009,121.68725,Sell,RIO.AX
124.9100037,121.51325,Sell,RIO.AX
126.9199982,121.58253,Sell,RIO.AX
125.5999985,122.37437,Sell,RIO.AX
126.4499969,122.82166,Sell,RIO.AX
127.7600021,123.24496,Sell,RIO.AX
128.8899994,123.899376,Sell,RIO.AX
128.8999939,124.7666,Sell,RIO.AX
128.5299988,125.41321,Sell,RIO.AX
129.5,125.602356,Sell,RIO.AX
130.0399933,125.812614,Sell,RIO.AX
132.8600006,126.103264,Sell,RIO.AX
133.2599945,127.22621,Sell,RIO.AX
134.2400055,128.42693,Sell,RIO.AX
134.3699951,129.54965,Sell,RIO.AX
134.3999939,130.23674,Sell,RIO.AX
134.3999939,130.45528,Sell,RIO.AX
135.1199951,130.3574,Sell,RIO.AX
136.2899933,130.38257,Sell,RIO.AX
135.6600037,130.83652,Sell,RIO.AX
136.5700073,131.09251,Sell,RIO.AX
134.7200012,131.49261,Sell,RIO.AX
134.5,131.16597,Sell,RIO.AX
132.3600006,130.59782,Hold,RIO.AX
131.5200043,129.42857,Hold,RIO.AX
131.8999939,128.203,Sell,RIO.AX
128.8999939,127.55569,Hold,RIO.AX
128.3999939,126.462654,Hold,RIO.AX
129.1499939,125.48363,Sell,RIO.AX
128.6100006,125.16152,Sell,RIO.AX
126.6600037,125.09183,Hold,RIO.AX
126.5400009,124.58136,Hold,RIO.AX
126.8600006,124.04584,Sell,RIO.AX
128,123.778534,Sell,RIO.AX
128.0299988,124.07116,Sell,RIO.AX
127.8000031,124.51575,Sell,RIO.AX
129.0200043,124.80239,Sell,RIO.AX
132.6300049,125.29087,Sell,RIO.AX
131.8200073,126.82258,Sell,RIO.AX
132.4600067,127.9749,Sell,RIO.AX
132.9199982,128.74074,Sell,RIO.AX
132.2899933,129.15479,Sell,RIO.AX
132,129.00685,Sell,RIO.AX
129.1199951,128.5497,Hold,RIO.AX
128.4100037,127.17821,Hold,RIO.AX
129.6100006,125.723976,Sell,RIO.AX
129.2799988,125.14795,Sell,RIO.AX
129.8699951,125.07566,Sell,RIO.AX
128.9299927,125.48721,Sell,RIO.AX
129,125.696526,Sell,RIO.AX
128.2599945,125.78781,Hold,RIO.AX
127.3899994,125.55522,Hold,RIO.AX
128.9600067,124.98964,Sell,RIO.AX
130.9600067,124.96819,Sell,RIO.AX
128.0399933,125.81082,Hold,RIO.AX
125.8000031,125.807236,Hold,RIO.AX
124.3600006,124.759575,Hold,RIO.AX
124.4000015,123.18915,Hold,RIO.AX
122.5800018,121.95131,Hold,RIO.AX
123.1299973,120.74311,Hold,RIO.AX
123.3799973,120.151955,Sell,RIO.AX
123.7799988,120.11658,Sell,RIO.AX
124.8700027,120.48267,Sell,RIO.AX
123.4100037,121.24716,Hold,RIO.AX
124.7699966,121.49317,Sell,RIO.AX
123.6399994,121.835075,Hold,RIO.AX
120.6200027,121.72731,Hold,RIO.AX
119.8899994,120.551094,Hold,RIO.AX
115.5899963,119.0994,Buy,RIO.AX
115.3499985,116.782974,Hold,RIO.AX
116.9499969,114.81285,Hold,RIO.AX
119.1900024,114.02938,Sell,RIO.AX
116.9499969,114.63356,Hold,RIO.AX
117.4800034,115.09991,Sell,RIO.AX
120.3899994,115.54315,Sell,RIO.AX
121.3000031,116.64012,Sell,RIO.AX
121.1399994,117.92867,Sell,RIO.AX
120.5599976,118.83409,Hold,RIO.AX
121.6200027,119.07797,Sell,RIO.AX
121.4100037,119.2247,Hold,RIO.AX
120.9300003,119.18118,Hold,RIO.AX
121.7600021,118.91576,Sell,RIO.AX
122.5899963,118.8759,Sell,RIO.AX
123.0599976,119.18525,Sell,RIO.AX
121.8099976,119.69309,Hold,RIO.AX
120.5500031,119.76123,Hold,RIO.AX
121.7600021,119.254105,Sell,RIO.AX
125.3600006,119.01424,Sell,RIO.AX
127.75,120.0183,Sell,RIO.AX
128.2400055,121.98032,Sell,RIO.AX
127.9000015,123.893166,Sell,RIO.AX
132.5500031,125.01209,Sell,RIO.AX
128.6999969,126.84061,Hold,RIO.AX
128.7200012,127.00259,Hold,RIO.AX
130.8800049,126.38717,Sell,RIO.AX
129.5200043,126.30193,Sell,RIO.AX
129.7799988,126.0158,Sell,RIO.AX
129.5700073,125.86197,Sell,RIO.AX
129.3800049,125.7682,Sell,RIO.AX
130.8500061,125.698326,Sell,RIO.AX
130.9799957,126.15378,Sell,RIO.AX
130.4900055,126.72678,Sell,RIO.AX
129.3200073,127.00446,Hold,RIO.AX
129.1000061,126.68105,Hold,RIO.AX
129.2400055,126.14467,Sell,RIO.AX
129.6799927,125.74709,Sell,RIO.AX
131.7100067,125.69552,Sell,RIO.AX
130.1999969,126.473495,Sell,RIO.AX
130.2299957,126.85736,Sell,RIO.AX
130.0200043,126.962814,Sell,RIO.AX
129.0399933,126.82541,Hold,RIO.AX
128.1199951,126.30831,Hold,RIO.AX
129.4799957,125.52345,Sell,RIO.AX
130.3899994,125.33618,Sell,RIO.AX
132.1499939,125.76163,Sell,RIO.AX
135.8699951,126.88913,Sell,RIO.AX
134.0899963,129.15623,Sell,RIO.AX
136.1699982,130.48694,Sell,RIO.AX
133.5,131.5979,Hold,RIO.AX
132.5,131.19437,Hold,RIO.AX
131.6900024,129.93378,Hold,RIO.AX
131.6199951,128.48856,Sell,RIO.AX
129.6600037,127.48607,Hold,RIO.AX
127.6600037,126.441284,Hold,RIO.AX
128.9600067,125.189354,Sell,RIO.AX
128.5200043,124.75309,Sell,RIO.AX
127.4700012,124.70968,Sell,RIO.AX
125.5999985,124.57174,Hold,RIO.AX
124.5100021,123.89105,Hold,RIO.AX
125.3099976,122.89696,Hold,RIO.AX
122.9100037,122.352486,Hold,RIO.AX
121.0400009,121.464096,Hold,RIO.AX
120.6200027,120.20589,Hold,RIO.AX
120.1999969,119.09651,Hold,RIO.AX
118.1600037,118.295494,Hold,RIO.AX
119.2600021,117.32179,Hold,RIO.AX
119.2099991,116.911674,Hold,RIO.AX
119.6699982,116.859024,Sell,RIO.AX
120.25,117.12124,Sell,RIO.AX
118.9899979,117.604645,Hold,RIO.AX
121.4499969,117.66373,Sell,RIO.AX
120.9700012,118.21125,Sell,RIO.AX
121.5400009,118.62699,Sell,RIO.AX
119,119.00834,Hold,RIO.AX
120.6699982,118.48978,Hold,RIO.AX
119.6299973,118.22276,Hold,RIO.AX
121.1100006,117.82205,Sell,RIO.AX
124.2699966,117.923775,Sell,RIO.AX
122.8700027,119.130356,Sell,RIO.AX
119.9000015,120.032425,Hold,RIO.AX
120.5999985,119.641884,Hold,RIO.AX
119.3700027,119.01676,Hold,RIO.AX
119.6200027,118.108025,Hold,RIO.AX
119.8300018,117.44831,Hold,RIO.AX
119.8399963,117.172104,Sell,RIO.AX
116.8099976,117.17224,Hold,RIO.AX
116.4599991,116.45806,Hold,RIO.AX
115.9400024,115.586754,Hold,RIO.AX
113.9899979,114.77057,Hold,RIO.AX
114.4499969,113.709915,Hold,RIO.AX
113.8099976,113.00301,Hold,RIO.AX
114.4300003,112.49384,Hold,RIO.AX
112.8099976,112.40032,Hold,RIO.AX
115.9100037,112.09559,Sell,RIO.AX
115.8700027,112.61633,Sell,RIO.AX
114.6600037,113.3309,Hold,RIO.AX
117.4800034,113.5976,Sell,RIO.AX
119.6999969,114.34285,Sell,RIO.AX
118.75,115.66776,Sell,RIO.AX
118.6800003,116.56788,Hold,RIO.AX
118.2900009,116.96669,Hold,RIO.AX
116.6500015,116.87691,Hold,RIO.AX
114.1600037,116.11866,Hold,RIO.AX
116.4700012,114.6216,Hold,RIO.AX
114.8799973,113.90181,Hold,RIO.AX
115.4199982,113.30434,Hold,RIO.AX
112.4300003,113.1229,Hold,RIO.AX
108.4000015,112.399315,Buy,RIO.AX
110.0899963,110.640915,Hold,RIO.AX
109.8199997,109.38944,Hold,RIO.AX
110.4700012,108.630745,Hold,RIO.AX
111.9300003,108.483185,Sell,RIO.AX
112.1699982,109.03469,Sell,RIO.AX
110.7300034,109.824265,Hold,RIO.AX
111.0199966,110.13131,Hold,RIO.AX
111.8799973,110.19765,Hold,RIO.AX
110.8899994,110.33292,Hold,RIO.AX
109.9899979,110.185875,Hold,RIO.AX
111.5500031,109.71822,Hold,RIO.AX
109.9400024,109.62957,Hold,RIO.AX
108.1200027,109.31346,Hold,RIO.AX
105.6800003,108.5374,Buy,RIO.AX
107.0899963,107.17885,Hold,RIO.AX
107.0199966,106.280914,Hold,RIO.AX
106.8300018,105.805,Hold,RIO.AX
107.1100006,105.61474,Hold,RIO.AX
108.3499985,105.68262,Sell,RIO.AX
110.4100037,106.15477,Sell,RIO.AX
111.4199982,107.195885,Sell,RIO.AX
110.8099976,108.47445,Sell,RIO.AX
110.75,109.34839,Hold,RIO.AX
109.7399979,109.761185,Hold,RIO.AX
113.6100006,109.56486,Sell,RIO.AX
113.0199966,110.13232,Sell,RIO.AX
112.3399963,110.71028,Hold,RIO.AX
116.4499969,110.96146,Sell,RIO.AX
120.8499985,112.083,Sell,RIO.AX
123.2200012,114.47867,Sell,RIO.AX
127.4499969,117.44861,Sell,RIO.AX
129.1300049,121.039375,Sell,RIO.AX
125.7399979,124.23447,Hold,RIO.AX
125.9599991,125.00287,Hold,RIO.AX
126.0400009,124.4463,Hold,RIO.AX
123.6800003,123.46843,Hold,RIO.AX
121.1699982,121.91572,Hold,RIO.AX
120.9899979,119.95358,Hold,RIO.AX
118.2399979,118.482056,Hold,RIO.AX
119.8700027,116.96861,Sell,RIO.AX
119.5800018,116.45113,Sell,RIO.AX
121,116.48793,Sell,RIO.AX
122.0699997,117.21621,Sell,RIO.AX
120.7799988,118.36103,Sell,RIO.AX
118.6299973,118.96424,Hold,RIO.AX
117.6200027,118.506424,Hold,RIO.AX
119.8099976,117.43038,Hold,RIO.AX
118.1500015,117.02341,Hold,RIO.AX
118.4599991,116.54894,Hold,RIO.AX
117.7799988,116.30373,Hold,RIO.AX
118.0800018,116.0471,Hold,RIO.AX
120.1200027,115.95786,Sell,RIO.AX
